patient_id,admission_datetime,discharge_datetime,ward,admitting_department,age,gender
MCH-0001001,2026-06-24 08:14:00,2026-07-02 10:14:00,Paediatrics,Cardiology,85,F
MCH-0001002,2026-06-25 22:29:00,2026-07-03 00:29:00,Gen Ward B,Paediatrics,29,Female
MCH-0001003,2026-06-25 15:17:00,2026-07-04 19:17:00,Gen Ward B,General Medicine,41,Female
MCH-0001004,2026-06-25 22:07:00,2026-07-05 01:07:00,Paediatrics,Pulmonology,74,F
MCH-0001005,2026-06-26 00:58:00,2026-07-02 05:58:00,ICU,Orthopaedics,16,f
MCH-0001006,2026-06-26 21:38:00,2026-07-04 05:38:00,Paediatrics,Paediatrics,51,M
MCH-0001007,2026-06-26 10:08:00,2026-07-02 17:08:00,Gen Ward A,Cardiology,74,M
MCH-0001008,2026-06-26 05:56:00,2026-07-03 06:56:00,MICU,Cardiology,25,Male
MCH-0001009,2026-06-26 01:28:00,2026-07-03 05:28:00,Paediatrics,General Medicine,46,f
MCH-0001010,2026-06-26 08:43:00,2026-07-04 13:43:00,Paediatrics,Orthopaedics,47,Male
MCH-0001011,2026-06-26 21:23:00,2026-07-04 22:23:00,Gen Ward B,Pulmonology,70,m
MCH-0001012,2026-06-26 03:54:00,2026-07-03 06:54:00,Gen Ward A,Paediatrics,64,F
MCH-0001013,2026-06-26 22:43:00,2026-07-04 03:43:00,MICU,General Medicine,87,F
MCH-0001014,2026-06-27 05:47:00,2026-07-02 12:47:00,Gen Ward A ,General Medicine,54,M
MCH-0001015,2026-06-27 18:34:00,2026-07-04 01:34:00,Gen Ward B,Orthopaedics,79,m
MCH-0001016,2026-06-27 23:17:00,2026-07-05 01:17:00,Gen Ward B,Paediatrics,12,m
MCH-0001017,2026-06-28 09:44:00,2026-07-07 11:44:00,Gen Ward A,Paediatrics,34,f
MCH-0001018,2026-06-28 05:28:00,2026-07-07 10:28:00,Paediatrics,Pulmonology,74,M
MCH-0001019,2026-06-28 19:31:00,2026-07-04 01:31:00,Gen Ward B ,Emergency,24,F
MCH-0001020,2026-06-28 12:33:00,2026-07-06 16:33:00,Gen Ward A ,Orthopaedics,25,F
MCH-0001021,2026-06-29 22:26:00,2026-07-06 01:26:00,MICU,Orthopaedics,34,Male
MCH-0001022,2026-06-29 23:50:00,2026-07-04 05:50:00,Gen Ward A,Orthopaedics,83,f
MCH-0001023,2026-06-29 13:05:00,2026-07-08 19:05:00,Paediatrics,Pulmonology,24,m
MCH-0001024,2026-06-29 19:32:00,,ICU,Emergency,27,m
MCH-0001025,2026-06-29 09:26:00,2026-07-08 13:26:00,Paediatrics,Paediatrics,20,m
MCH-0001026,2026-06-29 22:47:00,2026-07-07 03:47:00,ICU,Cardiology,80,m
MCH-0001027,2026-06-29 14:25:00,2026-07-07 20:25:00,ICU,Cardiology,65,M
MCH-0001028,2026-06-30 19:29:00,2026-07-07 03:29:00,MICU,General Medicine,31,m
MCH-0001029,2026-06-30 02:02:00,2026-07-04 06:02:00,Paediatrics,Emergency,71,Male
MCH-0001030,2026-06-30 18:02:00,2026-07-09 21:02:00,MICU,Paediatrics,63,Male
MCH-0001031,2026-06-30 20:22:00,2026-07-06 04:22:00,ICU,Cardiology,42,F
MCH-0001032,2026-06-30 14:24:00,2026-07-06 21:24:00,ICU,Orthopaedics,27,f
MCH-0001033,2026-06-30 12:50:00,2026-07-08 13:50:00,Gen Ward A,Paediatrics,85,Male
MCH-0001034,2026-07-01 21:57:00,2026-07-02 22:57:00,ICU,Emergency,28,Female
MCH-0001035,2026-07-01 12:27:00,2026-07-09 15:27:00,MICU,General Medicine,33,Male
MCH-0001036,2026-07-01 17:22:00,2026-07-05 21:22:00,Gen Ward B,Paediatrics,48,f
MCH-0001037,2026-07-01 11:13:00,2026-07-04 19:13:00,Gen Ward A ,Emergency,9,Male
MCH-0001038,2026-07-01 12:23:00,2026-07-05 15:23:00,Paediatrics,Paediatrics,84,F
MCH-0001039,2026-07-01 02:34:00,2026-07-02 04:34:00,MICU,Emergency,31,Male
MCH-0001040,2026-07-01 17:58:00,2026-07-10 23:58:00,Gen Ward A,General Medicine,27,m
MCH-0001041,2026-07-01 16:44:00,2026-07-03 22:44:00,Gen Ward A,General Medicine,19,Male
MCH-0001042,2026-07-02 17:05:00,2026-07-11 22:05:00,Gen Ward A,Orthopaedics,88,Male
MCH-0001043,2026-07-02 18:05:00,2026-07-04 23:05:00,Gen Ward B,General Medicine,89,F
MCH-0001044,2026-07-02 15:19:00,2026-07-06 16:19:00,MICU ,Cardiology,21,M
MCH-0001045,2026-07-02 06:18:00,2026-07-05 11:18:00,MICU,General Medicine,2,F
MCH-0001046,2026-07-02 09:59:00,,ICU,Pulmonology,58,f
MCH-0001047,2026-07-02 02:41:00,2026-07-05 07:41:00,Gen Ward A,Paediatrics,42,M
MCH-0001048,2026-07-02 19:17:00,2026-07-11 03:17:00,Gen Ward A,General Medicine,31,M
MCH-0001049,2026-07-03 12:36:00,2026-07-07 19:36:00,ICU,Orthopaedics,46,F
MCH-0001050,2026-07-03 15:11:00,2026-07-10 17:11:00,Gen Ward B,Orthopaedics,6,F
MCH-0001051,2026-07-03 15:53:00,2026-07-09 19:53:00,Gen Ward B,Orthopaedics,81,f
MCH-0001052,2026-07-03 08:19:00,2026-07-05 14:19:00,Gen Ward A,General Medicine,33,m
MCH-0001053,2026-07-03 05:20:00,,Gen Ward B ,Orthopaedics,65,F
MCH-0001054,2026-07-03 08:19:00,2026-07-10 11:19:00,ICU,General Medicine,72,Female
MCH-0001055,2026-07-03 07:36:00,2026-07-08 15:36:00,ICU,Orthopaedics,48,F
MCH-0001056,2026-07-03 10:01:00,2026-07-07 13:01:00,Gen Ward B,Pulmonology,21,m
MCH-0001057,2026-07-03 12:41:00,2026-07-08 18:41:00,MICU,Emergency,4,Female
MCH-0001058,2026-07-03 06:24:00,2026-07-04 07:24:00,Gen Ward A,Pulmonology,78,Female
MCH-0001059,2026-07-03 07:31:00,2026-07-09 13:31:00,Gen Ward B,Emergency,7,F
MCH-0001060,2026-07-04 23:09:00,2026-07-08 01:09:00,Gen Ward B,Pulmonology,82,Female
MCH-0001061,2026-07-04 16:06:00,2026-07-11 19:06:00,Gen Ward A,Orthopaedics,10,M
MCH-0001062,2026-07-04 14:12:00,2026-07-07 20:12:00,Gen Ward A,Emergency,32,Female
MCH-0001063,2026-07-04 15:07:00,2026-07-08 21:07:00,Gen Ward B,General Medicine,11,Female
MCH-0001064,2026-07-04 13:18:00,2026-07-06 16:18:00,Gen Ward B,Paediatrics,16,Female
MCH-0001065,2026-07-04 22:50:00,2026-07-08 23:50:00,MICU,Paediatrics,74,m
MCH-0001066,2026-07-04 14:51:00,2026-07-07 22:51:00,Paediatrics,Emergency,30,Female
MCH-0001067,2026-07-04 15:46:00,2026-07-11 16:46:00,Paediatrics,General Medicine,37,F
MCH-0001068,2026-07-04 00:22:00,2026-07-12 08:22:00,Gen Ward B ,Emergency,6,F
MCH-0001069,2026-07-04 01:58:00,2026-07-10 05:58:00,MICU,Emergency,35,M
MCH-0001070,2026-07-04 08:27:00,,ICU,Pulmonology,49,M
MCH-0001071,2026-07-04 03:05:00,2026-07-10 11:05:00,MICU,Paediatrics,88,Male
MCH-0001072,2026-07-05 17:35:00,2026-07-12 19:35:00,Gen Ward B,Paediatrics,60,M
MCH-0001073,2026-07-05 23:57:00,2026-07-09 03:57:00,Gen Ward A,General Medicine,27,Male
MCH-0001074,2026-07-05 05:30:00,2026-07-08 08:30:00,MICU,General Medicine,80,f
MCH-0001075,2026-07-05 09:59:00,2026-07-07 13:59:00,Gen Ward B,General Medicine,74,m
MCH-0001076,2026-07-05 14:35:00,2026-07-10 22:35:00,Gen Ward B,General Medicine,8,M
MCH-0001077,2026-07-05 12:04:00,2026-07-11 20:04:00,Paediatrics,General Medicine,39,F
MCH-0001078,2026-07-05 05:47:00,2026-07-06 08:47:00,ICU,Orthopaedics,6,Male
MCH-0001079,2026-07-05 08:32:00,2026-07-13 14:32:00,Gen Ward A,Orthopaedics,50,f
MCH-0001080,2026-07-06 15:48:00,2026-07-08 23:48:00,Paediatrics,Orthopaedics,16,M
MCH-0001081,2026-07-06 18:52:00,2026-07-15 01:52:00,Paediatrics,Cardiology,41,m
MCH-0001082,2026-07-06 13:21:00,2026-07-10 20:21:00,Gen Ward B,General Medicine,28,M
MCH-0001083,2026-07-06 04:26:00,2026-07-15 09:26:00,Paediatrics,Orthopaedics,25,M
MCH-0001084,2026-07-06 23:56:00,2026-07-13 03:56:00,Gen Ward B,Pulmonology,52,Male
MCH-0001085,2026-07-06 19:07:00,2026-07-15 00:07:00,Paediatrics,Emergency,52,m
MCH-0001086,2026-07-06 10:43:00,2026-07-08 14:43:00,Paediatrics,Orthopaedics,49,M
MCH-0001087,2026-07-06 02:47:00,2026-07-10 09:47:00,MICU,General Medicine,33,Male
MCH-0001088,2026-07-06 22:05:00,2026-07-13 00:05:00,Paediatrics,Emergency,48,f
MCH-0001089,2026-07-06 08:14:00,2026-07-14 11:14:00,Gen Ward A,Paediatrics,47,m
MCH-0001090,2026-07-06 04:43:00,2026-07-10 10:43:00,Gen Ward B,Orthopaedics,45,M
MCH-0001091,2026-07-07 08:10:00,2026-07-15 10:10:00,MICU,Emergency,71,m
MCH-0001092,2026-07-07 14:08:00,2026-07-15 16:08:00,Paediatrics,Orthopaedics,74,m
MCH-0001093,2026-07-07 11:10:00,2026-07-10 15:10:00,Gen Ward A,General Medicine,41,f
MCH-0001094,2026-07-07 03:26:00,2026-07-14 11:26:00,ICU,Paediatrics,36,M
MCH-0001095,2026-07-07 13:45:00,2026-07-16 16:45:00,ICU,Orthopaedics,11,Female
MCH-0001096,2026-07-07 13:36:00,2026-07-13 14:36:00,Paediatrics,Emergency,58,f
MCH-0001097,2026-07-07 12:25:00,2026-07-16 14:25:00,Gen Ward A,Emergency,84,m
MCH-0001098,2026-07-07 14:29:00,2026-07-14 19:29:00,Gen Ward B,Cardiology,47,F
MCH-0001099,2026-07-07 04:32:00,2026-07-09 06:32:00,ICU,General Medicine,83,F
MCH-0001100,2026-07-07 18:57:00,,ICU,Paediatrics,38,Male
MCH-0001101,2026-07-08 13:05:00,2026-07-14 18:05:00,ICU,General Medicine,22,Female
MCH-0001102,2026-07-08 04:12:00,2026-07-16 07:12:00,Gen Ward B,General Medicine,21,F
MCH-0001103,2026-07-08 20:19:00,2026-07-13 03:19:00,MICU,Pulmonology,27,Male
MCH-0001104,2026-07-08 07:25:00,2026-07-10 08:25:00,Gen Ward B,Orthopaedics,48,M
MCH-0001105,2026-07-08 10:30:00,2026-07-10 16:30:00,ICU,Cardiology,2,F
MCH-0001106,2026-07-08 06:16:00,2026-07-16 14:16:00,Paediatrics,Pulmonology,76,Male
MCH-0001107,2026-07-08 05:33:00,2026-07-12 09:33:00,Gen Ward B,General Medicine,60,Female
MCH-0001108,2026-07-09 06:04:00,2026-07-10 14:04:00,MICU,Cardiology,65,M
MCH-0001109,2026-07-09 16:58:00,2026-07-15 20:58:00,Gen Ward B,General Medicine,87,m
MCH-0001110,2026-07-09 18:03:00,2026-07-13 22:03:00,Gen Ward A,Pulmonology,84,Male
MCH-0001111,2026-07-09 13:13:00,2026-07-16 18:13:00,MICU,Emergency,6,F
MCH-0001112,2026-07-09 05:42:00,2026-07-18 11:42:00,Paediatrics,Cardiology,43,Male
MCH-0001113,2026-07-09 01:15:00,2026-07-16 04:15:00,Gen Ward B ,Paediatrics,45,Male
MCH-0001114,2026-07-09 06:39:00,2026-07-15 07:39:00,Paediatrics,Paediatrics,61,m
MCH-0001115,2026-07-10 04:48:00,2026-07-11 08:48:00,MICU,Pulmonology,56,Female
MCH-0001116,2026-07-10 00:10:00,2026-07-18 08:10:00,Paediatrics ,General Medicine,18,Female
MCH-0001117,2026-07-10 12:52:00,2026-07-11 18:52:00,MICU ,Pulmonology,79,f
MCH-0001118,2026-07-10 16:01:00,2026-07-11 21:01:00,MICU,General Medicine,39,m
MCH-0001119,2026-07-10 18:39:00,2026-07-14 23:39:00,Gen Ward A,Pulmonology,44,Male
MCH-0001120,2026-07-10 11:18:00,2026-07-13 12:18:00,Gen Ward A,Pulmonology,70,m
MCH-0001121,2026-07-10 18:41:00,2026-07-19 02:41:00,Gen Ward A,Paediatrics,27,f
MCH-0001122,2026-07-10 07:18:00,2026-07-17 13:18:00,ICU ,General Medicine,27,M
MCH-0001123,2026-07-11 21:57:00,2026-07-21 04:57:00,Gen Ward A,Paediatrics,53,Male
MCH-0001124,2026-07-11 18:32:00,2026-07-14 23:32:00,MICU,Emergency,78,f
MCH-0001125,2026-07-11 17:55:00,2026-07-17 00:55:00,MICU,Pulmonology,81,Female
MCH-0001126,2026-07-11 21:17:00,2026-07-16 02:17:00,Paediatrics,Cardiology,5,f
MCH-0001127,2026-07-11 20:26:00,2026-07-18 04:26:00,MICU,General Medicine,42,f
MCH-0001128,2026-07-11 01:25:00,2026-07-18 09:25:00,Paediatrics ,Paediatrics,31,Female
MCH-0001129,2026-07-11 18:32:00,2026-07-19 22:32:00,ICU,General Medicine,3,F
MCH-0001130,2026-07-11 11:02:00,,Gen Ward B,Paediatrics,53,f
MCH-0001131,2026-07-11 15:48:00,2026-07-18 16:48:00,Gen Ward B,General Medicine,9,m
MCH-0001132,2026-07-12 16:49:00,2026-07-19 17:49:00,MICU,General Medicine,36,m
MCH-0001133,2026-07-12 23:14:00,2026-07-21 06:14:00,Gen Ward A,General Medicine,68,Female
MCH-0001134,2026-07-12 17:04:00,2026-07-15 01:04:00,Paediatrics,Paediatrics,23,Female
MCH-0001135,2026-07-12 14:28:00,,Gen Ward B,Orthopaedics,12,f
MCH-0001136,2026-07-12 22:41:00,,Gen Ward B,Cardiology,24,m
MCH-0001137,2026-07-12 12:50:00,2026-07-13 18:50:00,Gen Ward B ,Orthopaedics,80,Female
MCH-0001138,2026-07-12 20:20:00,2026-07-15 21:20:00,ICU,Orthopaedics,87,Female
MCH-0001139,2026-07-12 14:44:00,2026-07-19 20:44:00,Paediatrics,Cardiology,65,F
MCH-0001140,2026-07-12 06:52:00,2026-07-17 08:52:00,Gen Ward B,Paediatrics,49,m
MCH-0001141,2026-07-12 23:01:00,2026-07-21 05:01:00,MICU,Orthopaedics,15,M
MCH-0001142,2026-07-12 09:41:00,2026-07-20 16:41:00,Gen Ward B,Emergency,17,M
MCH-0001143,2026-07-13 13:30:00,2026-07-21 15:30:00,Paediatrics,Pulmonology,83,m
MCH-0001144,2026-07-13 11:49:00,2026-07-17 18:49:00,ICU,Emergency,69,F
MCH-0001145,2026-07-13 00:29:00,2026-07-14 08:29:00,ICU,Cardiology,33,m
MCH-0001146,2026-07-13 23:03:00,2026-07-17 04:03:00,Gen Ward B,Cardiology,50,F
MCH-0001147,2026-07-13 23:40:00,2026-07-18 06:40:00,ICU ,Orthopaedics,73,f
MCH-0001148,2026-07-13 19:35:00,2026-07-21 00:35:00,Paediatrics,Paediatrics,52,Male
MCH-0001149,2026-07-13 01:52:00,2026-07-14 06:52:00,Gen Ward B,Emergency,55,Male
MCH-0001150,2026-07-13 19:43:00,2026-07-21 21:43:00,Gen Ward A ,Paediatrics,61,Male
MCH-0001151,2026-07-14 11:35:00,2026-07-22 17:35:00,Gen Ward B,Orthopaedics,62,m
MCH-0001152,2026-07-14 21:57:00,2026-07-22 23:57:00,Paediatrics ,Paediatrics,48,M
MCH-0001153,2026-07-14 14:03:00,,Gen Ward B,Orthopaedics,64,Male
MCH-0001154,2026-07-14 19:03:00,2026-07-18 01:03:00,Gen Ward A,General Medicine,24,Male
MCH-0001155,2026-07-14 19:25:00,2026-07-17 22:25:00,Gen Ward B,Cardiology,64,M
MCH-0001156,2026-07-14 22:36:00,2026-07-21 03:36:00,Gen Ward B,Cardiology,23,m
MCH-0001157,2026-07-14 14:28:00,2026-07-15 16:28:00,ICU ,Pulmonology,47,m
MCH-0001158,2026-07-14 19:15:00,2026-07-19 01:15:00,Gen Ward A,General Medicine,83,M
MCH-0001159,2026-07-14 04:41:00,2026-07-16 08:41:00,MICU,Emergency,25,Female
MCH-0001160,2026-07-14 06:36:00,2026-07-23 13:36:00,MICU ,Pulmonology,54,M
MCH-0001161,2026-07-14 16:48:00,2026-07-18 20:48:00,Gen Ward A ,Orthopaedics,77,M
MCH-0001162,2026-07-15 16:16:00,2026-07-16 23:16:00,ICU,Emergency,32,f
MCH-0001163,2026-07-15 23:31:00,2026-07-22 06:31:00,Gen Ward A,Orthopaedics,65,F
MCH-0001164,2026-07-15 05:35:00,2026-07-19 06:35:00,MICU,General Medicine,84,m
MCH-0001165,2026-07-15 15:35:00,2026-07-23 17:35:00,Gen Ward B,Pulmonology,78,F
MCH-0001166,2026-07-15 17:03:00,2026-07-17 01:03:00,MICU,Pulmonology,51,Female
MCH-0001167,2026-07-15 13:07:00,2026-07-17 16:07:00,Paediatrics,Cardiology,57,Male
MCH-0001168,2026-07-15 14:42:00,2026-07-24 20:42:00,ICU,Pulmonology,72,m
MCH-0001169,2026-07-15 00:20:00,,ICU,Emergency,8,Female
MCH-0001170,2026-07-15 09:27:00,2026-07-20 12:27:00,Gen Ward B,General Medicine,9,f
MCH-0001171,2026-07-15 10:55:00,2026-07-16 11:55:00,MICU,Emergency,17,f
MCH-0001172,2026-07-16 04:36:00,2026-07-25 08:36:00,Gen Ward A,Cardiology,60,f
MCH-0001173,2026-07-16 21:16:00,2026-07-18 23:16:00,MICU,Cardiology,83,Female
MCH-0001174,2026-07-16 13:52:00,2026-07-23 18:52:00,MICU,Orthopaedics,60,Female
MCH-0001175,2026-07-16 12:41:00,2026-07-23 20:41:00,Paediatrics,General Medicine,58,f
MCH-0001176,2026-07-16 09:05:00,2026-07-24 13:05:00,MICU,Pulmonology,6,Male
MCH-0001177,2026-07-16 15:04:00,2026-07-18 20:04:00,ICU,Cardiology,64,M
MCH-0001178,2026-07-16 17:27:00,2026-07-20 01:27:00,Gen Ward A,Cardiology,12,F
MCH-0001179,2026-07-16 08:32:00,2026-07-18 11:32:00,Gen Ward B,General Medicine,28,M
MCH-0001180,2026-07-16 16:31:00,2026-07-21 20:31:00,Gen Ward B,Emergency,28,Female
MCH-0001181,2026-07-16 13:26:00,2026-07-20 17:26:00,Gen Ward A,Paediatrics,29,Female
MCH-0001182,2026-07-16 02:27:00,2026-07-18 04:27:00,Gen Ward A ,Pulmonology,19,M
MCH-0001183,2026-07-17 14:22:00,2026-07-26 15:22:00,ICU,General Medicine,59,m
MCH-0001184,2026-07-17 03:16:00,2026-07-18 04:16:00,Gen Ward B,Emergency,73,Male
MCH-0001185,2026-07-17 21:34:00,2026-07-24 03:34:00,Paediatrics,Cardiology,81,Female
MCH-0001186,2026-07-17 05:21:00,2026-07-21 12:21:00,Gen Ward A,Paediatrics,60,M
MCH-0001187,2026-07-17 09:03:00,2026-07-25 12:03:00,Gen Ward A,Emergency,23,Female
MCH-0001188,2026-07-17 12:22:00,2026-07-25 16:22:00,MICU,Pulmonology,14,f
MCH-0001189,2026-07-17 15:20:00,2026-07-19 17:20:00,ICU,General Medicine,32,Female
MCH-0001190,2026-07-17 15:10:00,2026-07-25 20:10:00,Gen Ward B,Cardiology,26,Female
MCH-0001191,2026-07-17 17:10:00,2026-07-20 21:10:00,Paediatrics,Cardiology,84,m
MCH-0001192,2026-07-18 23:09:00,2026-07-21 07:09:00,Paediatrics,General Medicine,4,Male
MCH-0001193,2026-07-18 10:09:00,2026-07-24 11:09:00,Paediatrics,General Medicine,32,f
MCH-0001194,2026-07-18 22:35:00,2026-07-20 05:35:00,MICU ,General Medicine,44,F
MCH-0001195,2026-07-18 04:33:00,2026-07-21 09:33:00,ICU,Orthopaedics,36,Female
MCH-0001196,2026-07-18 18:10:00,2026-07-22 19:10:00,Gen Ward B ,Orthopaedics,79,M
MCH-0001197,2026-07-18 02:01:00,2026-07-25 06:01:00,Gen Ward B,General Medicine,65,M
MCH-0001198,2026-07-18 17:11:00,2026-07-19 18:11:00,MICU,Orthopaedics,49,Female
MCH-0001199,2026-07-18 08:27:00,2026-07-19 11:27:00,Paediatrics,Cardiology,33,Male
MCH-0001200,2026-07-18 03:17:00,2026-07-26 09:17:00,Paediatrics,Pulmonology,17,F
MCH-0001201,2026-07-18 14:40:00,,Gen Ward A,Emergency,89,Female
MCH-0001202,2026-07-19 01:02:00,2026-07-22 09:02:00,Paediatrics,Emergency,59,m
MCH-0001203,2026-07-19 21:36:00,2026-07-24 04:36:00,MICU,General Medicine,40,F
MCH-0001204,2026-07-19 02:18:00,2026-07-25 10:18:00,ICU,Pulmonology,64,M
MCH-0001205,2026-07-19 23:15:00,2026-07-21 05:15:00,Gen Ward B,Emergency,3,m
MCH-0001206,2026-07-19 12:26:00,2026-07-21 18:26:00,Gen Ward A,Paediatrics,89,Female
MCH-0001207,2026-07-19 06:34:00,2026-07-28 11:34:00,Gen Ward B,Cardiology,21,Male
MCH-0001208,2026-07-19 03:56:00,2026-07-22 11:56:00,MICU,Pulmonology,77,Male
MCH-0001209,2026-07-19 06:50:00,2026-07-25 13:50:00,Paediatrics,Cardiology,75,Female
MCH-0001210,2026-07-20 02:48:00,2026-07-22 04:48:00,ICU,Emergency,38,f
MCH-0001211,2026-07-20 18:52:00,2026-07-26 00:52:00,ICU,Paediatrics,10,M
MCH-0001212,2026-07-20 22:47:00,2026-07-29 23:47:00,Paediatrics,General Medicine,11,m
MCH-0001213,2026-07-20 07:06:00,2026-07-24 10:06:00,MICU,Emergency,40,m
MCH-0001214,2026-07-20 04:54:00,2026-07-22 05:54:00,MICU,Orthopaedics,57,f
MCH-0001215,2026-07-20 13:39:00,2026-07-27 18:39:00,Gen Ward A,Pulmonology,30,M
MCH-0001216,2026-07-20 18:15:00,2026-07-24 21:15:00,Gen Ward A,Cardiology,40,M
MCH-0001217,2026-07-20 12:42:00,2026-07-27 19:42:00,ICU,Orthopaedics,63,M
MCH-0001218,2026-07-21 05:03:00,2026-07-26 06:03:00,ICU,Pulmonology,10,Male
MCH-0001219,2026-07-21 18:11:00,2026-07-25 02:11:00,MICU,Pulmonology,20,M
MCH-0001220,2026-07-21 01:46:00,2026-07-27 04:46:00,Gen Ward A,General Medicine,76,m
MCH-0001221,2026-07-21 23:40:00,2026-07-23 06:40:00,Paediatrics,Cardiology,83,Male
MCH-0001222,2026-07-21 07:26:00,2026-07-23 15:26:00,Paediatrics,General Medicine,50,f
MCH-0001223,2026-07-21 18:17:00,2026-07-25 20:17:00,Gen Ward A,Emergency,3,m
MCH-0001224,2026-07-21 11:44:00,2026-07-26 17:44:00,Gen Ward B,General Medicine,8,M
MCH-0001225,2026-07-21 21:18:00,2026-07-24 05:18:00,MICU,Orthopaedics,44,F
MCH-0001226,2026-07-21 11:37:00,2026-07-23 15:37:00,ICU,General Medicine,8,Female
MCH-0001227,2026-07-21 06:36:00,2026-07-30 12:36:00,ICU,Pulmonology,14,f
MCH-0001228,2026-07-21 20:10:00,2026-07-22 21:10:00,Gen Ward B,General Medicine,6,m
MCH-0001229,2026-07-22 05:00:00,2026-07-30 06:00:00,ICU,Pulmonology,42,F
MCH-0001230,2026-07-22 21:39:00,2026-07-26 01:39:00,Paediatrics,Paediatrics,32,f
MCH-0001231,2026-07-22 11:56:00,2026-07-24 18:56:00,Gen Ward B,Orthopaedics,53,F
MCH-0001232,2026-07-22 12:29:00,2026-07-28 18:29:00,Gen Ward B,Orthopaedics,58,Female
MCH-0001233,2026-07-22 23:07:00,2026-07-25 02:07:00,Paediatrics,Paediatrics,15,Female
MCH-0001234,2026-07-22 16:43:00,2026-07-25 18:43:00,Paediatrics,General Medicine,69,Female
MCH-0001235,2026-07-22 06:36:00,2026-07-30 11:36:00,MICU,Paediatrics,50,F
MCH-0001236,2026-07-22 03:39:00,2026-07-24 04:39:00,ICU,Pulmonology,62,f
MCH-0001237,2026-07-22 08:56:00,2026-07-29 10:56:00,ICU ,Cardiology,48,Male
MCH-0001238,2026-07-23 02:47:00,2026-07-29 04:47:00,Paediatrics ,Emergency,58,m
MCH-0001239,2026-07-23 18:18:00,,Gen Ward B,General Medicine,73,m
MCH-0001240,2026-07-23 23:38:00,2026-07-26 05:38:00,Paediatrics,Cardiology,79,F
MCH-0001241,2026-07-23 17:19:00,2026-07-27 23:19:00,Paediatrics,Emergency,83,Male
MCH-0001242,2026-07-23 13:50:00,,Gen Ward B,Emergency,52,M
MCH-0001243,2026-07-23 18:34:00,2026-07-31 02:34:00,Paediatrics,Pulmonology,60,m
MCH-0001244,2026-07-23 04:01:00,2026-07-28 05:01:00,Gen Ward A,General Medicine,75,f
MCH-0001245,2026-07-23 11:32:00,,Gen Ward B,Cardiology,79,Female
MCH-0001246,2026-07-24 14:36:00,2026-07-25 21:36:00,MICU,Pulmonology,82,Female
MCH-0001247,2026-07-24 00:03:00,2026-07-29 04:03:00,ICU,General Medicine,49,m
MCH-0001248,2026-07-24 07:10:00,2026-07-26 11:10:00,Paediatrics,Cardiology,64,f
MCH-0001249,2026-07-24 23:10:00,2026-07-27 06:10:00,ICU,Cardiology,46,F
MCH-0001250,2026-07-24 12:01:00,,Gen Ward A,Pulmonology,64,F
MCH-0001251,2026-07-24 10:05:00,2026-07-30 15:05:00,MICU,General Medicine,65,Female
MCH-0001252,2026-07-24 08:36:00,2026-07-30 14:36:00,Paediatrics ,General Medicine,18,M
MCH-0001253,2026-07-25 23:33:00,2026-07-30 05:33:00,Gen Ward B,Cardiology,77,f
MCH-0001254,2026-07-25 16:01:00,,MICU,Cardiology,69,Male
MCH-0001255,2026-07-25 14:59:00,2026-07-28 15:59:00,Paediatrics,Orthopaedics,21,Female
MCH-0001256,2026-07-25 02:32:00,2026-07-26 07:32:00,Gen Ward A ,Cardiology,2,F
MCH-0001257,2026-07-25 23:37:00,2026-07-29 07:37:00,Gen Ward B,Paediatrics,53,M
MCH-0001258,2026-07-25 11:37:00,,MICU,Paediatrics,18,m
MCH-0001259,2026-07-25 12:55:00,,MICU,General Medicine,76,f
MCH-0001260,2026-07-25 05:38:00,2026-07-28 10:38:00,MICU ,Pulmonology,51,f
MCH-0001261,2026-07-26 22:50:00,2026-07-31 02:50:00,Paediatrics ,Cardiology,32,m
MCH-0001262,2026-07-26 23:07:00,,Gen Ward A,Paediatrics,85,Female
MCH-0001263,2026-07-26 23:18:00,,Gen Ward A,Orthopaedics,87,F
MCH-0001264,2026-07-26 05:29:00,,Paediatrics ,Pulmonology,87,m
MCH-0001265,2026-07-26 12:12:00,,Paediatrics,Emergency,32,f
MCH-0001266,2026-07-26 09:36:00,,Gen Ward B,Cardiology,23,M
MCH-0001267,2026-07-26 05:06:00,,Gen Ward A,Pulmonology,32,Female
MCH-0001268,2026-07-26 11:14:00,2026-07-29 15:14:00,Gen Ward A,General Medicine,32,Male
MCH-0001269,2026-07-26 15:54:00,,Paediatrics ,General Medicine,3,f
MCH-0001270,2026-07-26 05:52:00,,ICU,Pulmonology,36,F
MCH-0001271,2026-07-27 11:37:00,,MICU,Cardiology,54,F
MCH-0001272,2026-07-27 22:39:00,,MICU,Paediatrics,51,M
MCH-0001273,2026-07-27 23:08:00,,MICU,Cardiology,86,F
MCH-0001274,2026-07-27 09:08:00,,ICU ,Cardiology,44,Male
MCH-0001275,2026-07-27 16:17:00,,Gen Ward B,General Medicine,88,f
MCH-0001276,2026-07-27 01:49:00,2026-07-29 07:49:00,Gen Ward B,Pulmonology,89,Male
MCH-0001277,2026-07-28 17:21:00,,Paediatrics,General Medicine,89,Female
MCH-0001278,2026-07-28 09:56:00,2026-07-30 16:56:00,Gen Ward A,Orthopaedics,25,f
MCH-0001279,2026-07-28 09:32:00,,MICU,General Medicine,45,Female
MCH-0001280,2026-07-28 03:06:00,,ICU,Emergency,52,M
MCH-0001281,2026-07-28 11:49:00,,Gen Ward A,Orthopaedics,52,Female
MCH-0001282,2026-07-28 05:02:00,,Paediatrics,Emergency,44,Female
MCH-0001283,2026-07-28 21:18:00,,Paediatrics,General Medicine,16,Female
MCH-0001284,2026-07-28 07:57:00,,MICU,Pulmonology,15,M
MCH-0001285,2026-07-28 00:32:00,,Paediatrics,General Medicine,72,F
MCH-0001286,2026-07-28 19:03:00,,Paediatrics,Orthopaedics,40,Female
MCH-0001287,2026-07-29 10:05:00,,ICU,Orthopaedics,66,Female
MCH-0001288,2026-07-29 19:48:00,,Paediatrics,General Medicine,26,m
MCH-0001289,2026-07-29 17:29:00,2026-07-31 00:29:00,Gen Ward B,Orthopaedics,22,Male
MCH-0001290,2026-07-29 13:58:00,,Gen Ward B,Paediatrics,11,f
MCH-0001291,2026-07-29 13:19:00,,ICU,Orthopaedics,15,M
MCH-0001292,2026-07-29 10:23:00,,ICU,Emergency,27,f
MCH-0001293,2026-07-29 11:46:00,,Gen Ward A,General Medicine,40,Female
MCH-0001294,2026-07-29 01:29:00,,Gen Ward B,General Medicine,49,Female
MCH-0001295,2026-07-29 13:38:00,,MICU,General Medicine,34,Female
MCH-0001296,2026-07-29 21:57:00,,ICU,Paediatrics,4,m
MCH-0001297,2026-07-29 15:50:00,,Gen Ward A ,Pulmonology,16,m
MCH-0001298,2026-07-30 18:07:00,,MICU ,Emergency,13,f
MCH-0001299,2026-07-30 05:02:00,,Gen Ward A ,Cardiology,61,Male
MCH-0001300,2026-07-30 02:14:00,,Gen Ward B,Cardiology,73,Female
MCH-0001301,2026-07-30 23:22:00,,Paediatrics,Paediatrics,64,m
MCH-0001302,2026-07-30 07:07:00,,MICU,Paediatrics,87,Male
MCH-0001303,2026-07-30 13:08:00,,Paediatrics ,Paediatrics,33,F
MCH-0001071,2026-07-04 03:05:00,2026-07-10 11:05:00,MICU,Paediatrics,88,Male
MCH-0001007,2026-06-26 10:08:00,2026-07-02 17:08:00,GEN WARD A,Cardiology,74,M
MCH-0001168,2026-07-15 14:42:00,2026-07-24 20:42:00,ICU,Pulmonology,72,m
MCH-0001278,2026-07-28 09:56:00,2026-07-30 16:56:00,GEN WARD A,Orthopaedics,25,f
MCH-0001192,2026-07-18 23:09:00,2026-07-21 07:09:00,PAEDIATRICS,General Medicine,4,Male
MCH-0001152,2026-07-14 21:57:00,2026-07-22 23:57:00,PAEDIATRICS ,Paediatrics,48,M
