order_id,patient_id,test_name,ordered_at,collected_at,resulted_at,priority,department
LAB500001,1023,KFT,01/07/2026 01:05,01/07/2026 01:30,01/07/2026 07:48,Stat,Pulmonology
LAB500002,1027,ABG,01/07/2026 03:25,01/07/2026 04:37,01/07/2026 08:01,URGENT,Cardiology
LAB500003,1028,CRP,01/07/2026 04:29,01/07/2026 06:16,01/07/2026 07:36,Routine,General Medicine
LAB500004,1028,KFT,01/07/2026 11:29,01/07/2026 13:36,01/07/2026 15:35,routine,General Medicine
LAB500005,1030,LFT,01/07/2026 08:02,01/07/2026 08:55,01/07/2026 10:25,Routine,Paediatrics
LAB500006,1030,Troponin I,02/07/2026 06:02,02/07/2026 07:40,02/07/2026 16:16,URGENT,Paediatrics
LAB500007,1031,Troponin I,02/07/2026 01:22,02/07/2026 03:20,02/07/2026 17:25,URGENT,Cardiology
LAB500008,1031,CBC,01/07/2026 07:22,01/07/2026 08:55,01/07/2026 18:12,STAT,Cardiology
LAB500009,1031,LFT,01/07/2026 07:22,01/07/2026 10:17,01/07/2026 11:39,Routine,Cardiology
LAB500010,1033,KFT,01/07/2026 20:50,01/07/2026 22:51,,routine,Paediatrics
LAB500011,1035,Blood Culture,02/07/2026 20:27,02/07/2026 21:12,03/07/2026 08:42,Routine,General Medicine
LAB500012,1036,Blood Culture,01/07/2026 22:22,02/07/2026 01:18,02/07/2026 02:46,Routine,Paediatrics
LAB500013,1036,KFT,01/07/2026 22:22,02/07/2026 00:34,02/07/2026 12:35,Routine,Paediatrics
LAB500014,1037,Blood Culture,02/07/2026 16:13,02/07/2026 18:44,,routine,Emergency
LAB500015,1037,CBC,02/07/2026 13:13,02/07/2026 15:40,02/07/2026 23:13,URGENT,Emergency
LAB500016,1037,CRP,02/07/2026 03:13,02/07/2026 03:36,02/07/2026 06:27,routine,Emergency
LAB500017,1038,CRP,02/07/2026 18:23,02/07/2026 20:15,03/07/2026 04:27,Stat,Paediatrics
LAB500018,1038,Troponin I,01/07/2026 19:23,01/07/2026 20:08,01/07/2026 22:43,URGENT,Paediatrics
LAB500019,1038,Serum Electrolytes,02/07/2026 08:23,02/07/2026 08:55,02/07/2026 19:06,Routine,Paediatrics
LAB500020,1039,CRP,02/07/2026 14:34,02/07/2026 14:44,02/07/2026 23:46,URGENT,Emergency
LAB500021,1039,KFT,01/07/2026 17:34,01/07/2026 19:21,02/07/2026 07:40,routine,Emergency
LAB500022,1040,KFT,02/07/2026 13:58,02/07/2026 16:24,03/07/2026 04:16,URGENT,General Medicine
LAB500023,1040,CRP,02/07/2026 14:58,02/07/2026 15:56,02/07/2026 16:35,routine,General Medicine
LAB500024,1041,Blood Culture,02/07/2026 21:44,03/07/2026 00:18,03/07/2026 12:10,Stat,General Medicine
LAB500025,1041,CBC,02/07/2026 08:44,02/07/2026 11:09,02/07/2026 13:37,URGENT,General Medicine
LAB500026,1041,CRP,02/07/2026 15:44,02/07/2026 16:00,02/07/2026 17:56,URGENT,General Medicine
LAB500027,1041,KFT,02/07/2026 06:44,02/07/2026 06:57,02/07/2026 15:54,STAT,General Medicine
LAB500028,1042,KFT,03/07/2026 21:05,03/07/2026 23:56,,URGENT,Orthopaedics
LAB500029,1042,CBC,03/07/2026 07:05,03/07/2026 07:36,03/07/2026 22:20,Stat,Orthopaedics
LAB500030,1043,KFT,04/07/2026 03:05,04/07/2026 05:32,04/07/2026 18:50,URGENT,General Medicine
LAB500031,1043,CBC,02/07/2026 23:05,03/07/2026 01:15,03/07/2026 10:45,Stat,General Medicine
LAB500032,1043,LFT,04/07/2026 06:05,04/07/2026 07:12,04/07/2026 21:07,Stat,General Medicine
LAB500033,1044,Troponin I,02/07/2026 23:19,03/07/2026 00:27,03/07/2026 13:24,Routine,Cardiology
LAB500034,1044,LFT,03/07/2026 21:19,03/07/2026 23:14,04/07/2026 07:57,Stat,Cardiology
LAB500035,1044,CBC,03/07/2026 22:19,04/07/2026 00:53,04/07/2026 08:20,Stat,Cardiology
LAB500036,1045,CBC,03/07/2026 03:18,03/07/2026 04:07,03/07/2026 06:32,Stat,General Medicine
LAB500037,1045,Serum Electrolytes,03/07/2026 08:18,03/07/2026 10:08,03/07/2026 23:14,Routine,General Medicine
LAB500038,1045,CBC,02/07/2026 19:18,02/07/2026 21:10,03/07/2026 01:25,STAT,General Medicine
LAB500039,1045,LFT,02/07/2026 21:18,02/07/2026 22:57,03/07/2026 08:29,Routine,General Medicine
LAB500040,1046,CRP,03/07/2026 11:59,03/07/2026 12:35,03/07/2026 14:06,STAT,Pulmonology
LAB500041,1046,Blood Culture,02/07/2026 17:59,02/07/2026 18:44,03/07/2026 06:04,Stat,Pulmonology
LAB500042,1048,Troponin I,02/07/2026 23:17,02/07/2026 23:45,03/07/2026 01:21,Stat,General Medicine
LAB500043,1048,LFT,03/07/2026 21:17,03/07/2026 23:39,04/07/2026 14:20,Routine,General Medicine
LAB500044,1048,Troponin I,03/07/2026 03:17,03/07/2026 05:55,03/07/2026 11:14,Routine,General Medicine
LAB500045,1048,CRP,03/07/2026 10:17,03/07/2026 11:25,03/07/2026 13:44,URGENT,General Medicine
LAB500046,1049,Serum Electrolytes,04/07/2026 21:36,05/07/2026 00:20,05/07/2026 06:03,Routine,Orthopaedics
LAB500047,1049,CBC,04/07/2026 04:36,04/07/2026 05:41,04/07/2026 08:28,STAT,Orthopaedics
LAB500048,1049,CRP,03/07/2026 18:36,03/07/2026 20:09,04/07/2026 00:50,STAT,Orthopaedics
LAB500049,1049,Troponin I,04/07/2026 05:36,04/07/2026 07:24,04/07/2026 16:42,STAT,Orthopaedics
LAB500050,1050,CBC,04/07/2026 00:11,04/07/2026 00:32,04/07/2026 04:12,routine,Orthopaedics
LAB500051,1051,KFT,04/07/2026 16:53,04/07/2026 17:31,05/07/2026 05:36,STAT,Orthopaedics
LAB500052,1051,Blood Culture,05/07/2026 07:53,05/07/2026 10:40,05/07/2026 15:40,routine,Orthopaedics
LAB500053,1051,LFT,04/07/2026 22:53,05/07/2026 01:20,05/07/2026 08:01,Stat,Orthopaedics
LAB500054,1054,LFT,03/07/2026 15:19,03/07/2026 16:50,03/07/2026 19:08,Routine,General Medicine
LAB500055,1054,CBC,03/07/2026 13:19,03/07/2026 16:10,04/07/2026 05:49,STAT,General Medicine
LAB500056,1057,Troponin I,04/07/2026 15:41,04/07/2026 16:14,04/07/2026 23:28,Stat,Emergency
LAB500057,1057,CRP,05/07/2026 00:41,05/07/2026 02:11,05/07/2026 10:46,Stat,Emergency
LAB500058,1058,ABG,03/07/2026 14:24,03/07/2026 16:50,04/07/2026 06:52,Stat,Pulmonology
LAB500059,1058,LFT,03/07/2026 11:24,03/07/2026 11:55,03/07/2026 18:41,URGENT,Pulmonology
LAB500060,1059,KFT,03/07/2026 19:31,03/07/2026 20:33,03/07/2026 21:38,Stat,Emergency
LAB500061,1059,KFT,03/07/2026 15:31,03/07/2026 17:34,04/07/2026 00:14,Routine,Emergency
LAB500062,1059,Troponin I,03/07/2026 19:31,03/07/2026 21:38,04/07/2026 01:53,STAT,Emergency
LAB500063,1060,Serum Electrolytes,05/07/2026 18:09,05/07/2026 19:48,05/07/2026 22:09,STAT,Pulmonology
LAB500064,1061,KFT,04/07/2026 18:06,04/07/2026 18:53,04/07/2026 21:51,Routine,Orthopaedics
LAB500065,1061,CRP,06/07/2026 03:06,06/07/2026 03:57,06/07/2026 15:46,STAT,Orthopaedics
LAB500066,1061,LFT,05/07/2026 06:06,05/07/2026 06:59,05/07/2026 17:58,URGENT,Orthopaedics
LAB500067,1061,KFT,05/07/2026 07:06,05/07/2026 07:45,05/07/2026 21:02,routine,Orthopaedics
LAB500068,1062,Troponin I,05/07/2026 20:12,05/07/2026 20:37,,Routine,Emergency
LAB500069,1062,CRP,05/07/2026 10:12,05/07/2026 12:00,05/07/2026 23:03,routine,Emergency
LAB500070,1062,CRP,05/07/2026 11:12,05/07/2026 13:03,05/07/2026 15:28,Stat,Emergency
LAB500071,1062,Serum Electrolytes,05/07/2026 20:12,05/07/2026 22:09,06/07/2026 09:01,routine,Emergency
LAB500072,1063,KFT,04/07/2026 21:07,04/07/2026 21:59,05/07/2026 02:51,Stat,General Medicine
LAB500073,1064,Serum Electrolytes,06/07/2026 05:18,06/07/2026 06:11,,STAT,Paediatrics
LAB500074,1065,ABG,05/07/2026 21:50,05/07/2026 22:33,05/07/2026 23:13,routine,Paediatrics
LAB500075,1065,Blood Culture,06/07/2026 04:50,06/07/2026 05:33,06/07/2026 17:20,Routine,Paediatrics
LAB500076,1065,LFT,06/07/2026 07:50,06/07/2026 08:45,06/07/2026 22:35,Stat,Paediatrics
LAB500077,1066,Troponin I,06/07/2026 05:51,06/07/2026 08:14,06/07/2026 20:47,STAT,Emergency
LAB500078,1068,KFT,05/07/2026 14:22,05/07/2026 15:34,06/07/2026 02:26,routine,Emergency
LAB500079,1069,CRP,04/07/2026 06:58,04/07/2026 08:54,04/07/2026 18:21,Stat,Emergency
LAB500080,1069,CBC,04/07/2026 22:58,05/07/2026 00:23,05/07/2026 10:42,routine,Emergency
LAB500081,1069,KFT,04/07/2026 05:58,04/07/2026 06:08,04/07/2026 06:39,routine,Emergency
LAB500082,1069,Serum Electrolytes,04/07/2026 05:58,04/07/2026 08:09,04/07/2026 08:41,URGENT,Emergency
LAB500083,1070,Serum Electrolytes,04/07/2026 22:27,05/07/2026 01:15,05/07/2026 11:38,URGENT,Pulmonology
LAB500084,1071,LFT,04/07/2026 14:05,04/07/2026 14:20,05/07/2026 03:50,STAT,Paediatrics
LAB500085,1071,CRP,05/07/2026 08:05,05/07/2026 09:58,05/07/2026 16:10,URGENT,Paediatrics
LAB500086,1072,Serum Electrolytes,06/07/2026 03:35,06/07/2026 03:50,06/07/2026 18:10,Routine,Paediatrics
LAB500087,1072,KFT,07/07/2026 03:35,07/07/2026 04:41,07/07/2026 16:58,Routine,Paediatrics
LAB500088,1072,Serum Electrolytes,05/07/2026 22:35,05/07/2026 23:18,06/07/2026 12:14,routine,Paediatrics
LAB500089,1072,CRP,06/07/2026 07:35,06/07/2026 09:56,06/07/2026 11:24,STAT,Paediatrics
LAB500090,1073,LFT,06/07/2026 23:57,07/07/2026 01:13,07/07/2026 10:25,routine,General Medicine
LAB500091,1073,CBC,06/07/2026 20:57,06/07/2026 22:51,07/07/2026 09:01,routine,General Medicine
LAB500092,1073,Troponin I,06/07/2026 06:57,06/07/2026 08:42,06/07/2026 12:15,Stat,General Medicine
LAB500093,1074,Blood Culture,05/07/2026 20:30,05/07/2026 23:20,06/07/2026 02:39,STAT,General Medicine
LAB500094,1074,Blood Culture,06/07/2026 11:30,06/07/2026 14:23,07/07/2026 02:09,Routine,General Medicine
LAB500095,1074,Troponin I,06/07/2026 09:30,06/07/2026 10:35,06/07/2026 18:10,Routine,General Medicine
LAB500096,1077,ABG,06/07/2026 07:04,06/07/2026 07:17,06/07/2026 15:01,routine,General Medicine
LAB500097,1078,Blood Culture,06/07/2026 08:47,06/07/2026 09:08,06/07/2026 21:23,STAT,Orthopaedics
LAB500098,1079,Serum Electrolytes,07/07/2026 00:32,07/07/2026 02:12,07/07/2026 07:04,Stat,Orthopaedics
LAB500099,1079,KFT,05/07/2026 13:32,05/07/2026 16:02,05/07/2026 23:53,routine,Orthopaedics
LAB500100,1079,CBC,06/07/2026 22:32,07/07/2026 00:54,07/07/2026 01:21,Stat,Orthopaedics
LAB500101,1080,CRP,07/07/2026 17:48,07/07/2026 20:11,07/07/2026 21:59,Routine,Orthopaedics
LAB500102,1082,Troponin I,07/07/2026 18:21,07/07/2026 20:26,08/07/2026 00:35,Stat,General Medicine
LAB500103,1082,Serum Electrolytes,07/07/2026 05:21,07/07/2026 05:35,07/07/2026 16:12,URGENT,General Medicine
LAB500104,1082,ABG,08/07/2026 04:21,08/07/2026 06:56,08/07/2026 17:48,Stat,General Medicine
LAB500105,1083,Troponin I,06/07/2026 05:26,06/07/2026 06:56,06/07/2026 09:18,URGENT,Orthopaedics
LAB500106,1083,Serum Electrolytes,07/07/2026 20:26,07/07/2026 22:48,08/07/2026 13:02,STAT,Orthopaedics
LAB500107,1083,Blood Culture,07/07/2026 08:26,07/07/2026 10:44,07/07/2026 21:17,routine,Orthopaedics
LAB500108,1084,ABG,07/07/2026 06:56,07/07/2026 07:06,07/07/2026 14:35,Routine,Pulmonology
LAB500109,1084,KFT,07/07/2026 09:56,07/07/2026 10:09,07/07/2026 19:09,Stat,Pulmonology
LAB500110,1084,CBC,07/07/2026 09:56,07/07/2026 11:08,07/07/2026 18:03,URGENT,Pulmonology
LAB500111,1084,Blood Culture,07/07/2026 01:56,07/07/2026 02:31,07/07/2026 08:43,routine,Pulmonology
LAB500112,1085,LFT,07/07/2026 15:07,07/07/2026 17:07,08/07/2026 04:34,URGENT,Emergency
LAB500113,1086,Troponin I,07/07/2026 23:43,07/07/2026 23:57,08/07/2026 03:35,STAT,Orthopaedics
LAB500114,1086,Serum Electrolytes,08/07/2026 02:43,08/07/2026 03:10,08/07/2026 05:51,URGENT,Orthopaedics
LAB500115,1086,Serum Electrolytes,06/07/2026 16:43,06/07/2026 17:31,07/07/2026 03:14,URGENT,Orthopaedics
LAB500116,1087,Troponin I,06/07/2026 12:47,06/07/2026 15:05,07/07/2026 02:57,URGENT,General Medicine
LAB500117,1087,CBC,07/07/2026 12:47,07/07/2026 13:15,07/07/2026 18:47,Stat,General Medicine
LAB500118,1087,CBC,07/07/2026 09:47,07/07/2026 12:28,07/07/2026 13:14,routine,General Medicine
LAB500119,1088,Troponin I,08/07/2026 10:05,08/07/2026 10:35,08/07/2026 14:31,routine,Emergency
LAB500120,1088,Troponin I,08/07/2026 12:05,08/07/2026 14:52,09/07/2026 01:07,URGENT,Emergency
LAB500121,1088,Troponin I,07/07/2026 03:05,07/07/2026 05:24,07/07/2026 15:40,STAT,Emergency
LAB500122,1088,KFT,07/07/2026 01:05,07/07/2026 03:51,07/07/2026 10:49,Routine,Emergency
LAB500123,1089,CBC,06/07/2026 18:14,06/07/2026 18:32,07/07/2026 06:04,Routine,Paediatrics
LAB500124,1089,CRP,08/07/2026 00:14,08/07/2026 03:08,08/07/2026 12:31,Stat,Paediatrics
LAB500125,1089,CBC,07/07/2026 22:14,07/07/2026 23:51,08/07/2026 07:03,Routine,Paediatrics
LAB500126,1089,CBC,06/07/2026 12:14,06/07/2026 12:38,06/07/2026 21:15,URGENT,Paediatrics
LAB500127,1090,CRP,06/07/2026 22:43,07/07/2026 01:16,07/07/2026 08:25,URGENT,Orthopaedics
LAB500128,1090,LFT,06/07/2026 09:43,06/07/2026 10:27,06/07/2026 17:34,Routine,Orthopaedics
LAB500129,1090,Serum Electrolytes,07/07/2026 12:43,07/07/2026 13:41,,Routine,Orthopaedics
LAB500130,1091,Troponin I,08/07/2026 05:10,08/07/2026 06:48,08/07/2026 20:31,Stat,Emergency
LAB500131,1093,Blood Culture,08/07/2026 22:10,09/07/2026 00:13,09/07/2026 04:13,Stat,General Medicine
LAB500132,1093,Troponin I,09/07/2026 00:10,09/07/2026 03:00,09/07/2026 12:27,STAT,General Medicine
LAB500133,1093,LFT,07/07/2026 23:10,08/07/2026 01:22,08/07/2026 03:26,Stat,General Medicine
LAB500134,1093,Troponin I,07/07/2026 18:10,07/07/2026 20:41,08/07/2026 03:15,routine,General Medicine
LAB500135,1095,CRP,08/07/2026 23:45,09/07/2026 01:23,09/07/2026 12:16,Routine,Orthopaedics
LAB500136,1095,ABG,07/07/2026 23:45,08/07/2026 02:04,08/07/2026 13:46,Stat,Orthopaedics
LAB500137,1095,ABG,07/07/2026 17:45,07/07/2026 17:58,07/07/2026 21:45,Routine,Orthopaedics
LAB500138,1095,Serum Electrolytes,08/07/2026 04:45,08/07/2026 07:08,08/07/2026 16:57,URGENT,Orthopaedics
LAB500139,1096,CRP,08/07/2026 14:36,08/07/2026 14:47,08/07/2026 19:50,Stat,Emergency
LAB500140,1097,Troponin I,08/07/2026 14:25,08/07/2026 15:19,09/07/2026 05:33,Stat,Emergency
LAB500141,1097,CBC,07/07/2026 21:25,07/07/2026 22:41,08/07/2026 03:06,routine,Emergency
LAB500142,1098,CBC,08/07/2026 03:29,08/07/2026 05:23,08/07/2026 15:04,routine,Cardiology
LAB500143,1098,Troponin I,07/07/2026 23:29,08/07/2026 02:24,08/07/2026 09:36,Stat,Cardiology
LAB500144,1098,Serum Electrolytes,08/07/2026 02:29,08/07/2026 03:34,,URGENT,Cardiology
LAB500145,1099,Blood Culture,07/07/2026 09:32,07/07/2026 11:04,07/07/2026 15:39,STAT,General Medicine
LAB500146,1100,LFT,09/07/2026 08:57,09/07/2026 11:56,09/07/2026 19:41,routine,Paediatrics
LAB500147,1100,ABG,08/07/2026 23:57,09/07/2026 00:12,09/07/2026 13:18,STAT,Paediatrics
LAB500148,1100,CBC,07/07/2026 19:57,07/07/2026 22:35,08/07/2026 07:40,Stat,Paediatrics
LAB500149,1101,Serum Electrolytes,09/07/2026 07:05,09/07/2026 08:19,09/07/2026 23:11,URGENT,General Medicine
LAB500150,1101,CRP,09/07/2026 06:05,09/07/2026 08:32,09/07/2026 16:14,routine,General Medicine
LAB500151,1101,CBC,09/07/2026 14:05,09/07/2026 16:52,10/07/2026 05:03,Stat,General Medicine
LAB500152,1102,Blood Culture,09/07/2026 17:12,09/07/2026 19:25,09/07/2026 23:43,routine,General Medicine
LAB500153,1103,KFT,09/07/2026 14:19,09/07/2026 16:09,10/07/2026 02:14,STAT,Pulmonology
LAB500154,1104,CRP,08/07/2026 12:25,08/07/2026 12:54,09/07/2026 01:46,routine,Orthopaedics
LAB500155,1104,Serum Electrolytes,08/07/2026 18:25,08/07/2026 19:37,08/07/2026 22:49,routine,Orthopaedics
LAB500156,1104,KFT,08/07/2026 09:25,08/07/2026 11:16,08/07/2026 22:15,URGENT,Orthopaedics
LAB500157,1104,CRP,09/07/2026 11:25,09/07/2026 13:00,09/07/2026 22:29,URGENT,Orthopaedics
LAB500158,1105,LFT,09/07/2026 01:30,09/07/2026 04:20,09/07/2026 16:55,Routine,Cardiology
LAB500159,1107,KFT,09/07/2026 08:33,09/07/2026 11:16,09/07/2026 22:22,Routine,General Medicine
LAB500160,1107,KFT,09/07/2026 17:33,09/07/2026 19:32,,STAT,General Medicine
LAB500161,1107,LFT,08/07/2026 06:33,08/07/2026 09:19,09/07/2026 00:09,Stat,General Medicine
LAB500162,1109,LFT,10/07/2026 16:58,10/07/2026 19:14,11/07/2026 01:02,STAT,General Medicine
LAB500163,1110,ABG,10/07/2026 05:03,10/07/2026 05:15,10/07/2026 15:23,Stat,Pulmonology
LAB500164,1110,LFT,11/07/2026 02:03,11/07/2026 04:12,11/07/2026 11:16,URGENT,Pulmonology
LAB500165,1110,KFT,10/07/2026 06:03,10/07/2026 08:33,10/07/2026 22:21,Stat,Pulmonology
LAB500166,1110,LFT,10/07/2026 21:03,10/07/2026 22:52,11/07/2026 09:43,Stat,Pulmonology
LAB500167,1111,ABG,10/07/2026 14:13,10/07/2026 15:24,10/07/2026 21:45,STAT,Emergency
LAB500168,1111,Blood Culture,09/07/2026 16:13,09/07/2026 16:37,,URGENT,Emergency
LAB500169,1111,Troponin I,09/07/2026 17:13,09/07/2026 18:14,10/07/2026 08:40,Stat,Emergency
LAB500170,1112,Troponin I,09/07/2026 12:42,09/07/2026 15:40,09/07/2026 19:50,URGENT,Cardiology
LAB500171,1112,LFT,10/07/2026 07:42,10/07/2026 08:33,10/07/2026 22:44,URGENT,Cardiology
LAB500172,1112,LFT,09/07/2026 13:42,09/07/2026 14:51,10/07/2026 05:44,STAT,Cardiology
LAB500173,1113,Blood Culture,10/07/2026 13:15,10/07/2026 15:34,11/07/2026 00:43,routine,Paediatrics
LAB500174,1113,KFT,10/07/2026 07:15,10/07/2026 10:05,10/07/2026 19:01,Stat,Paediatrics
LAB500175,1113,CBC,10/07/2026 16:15,10/07/2026 18:50,,STAT,Paediatrics
LAB500176,1113,Troponin I,09/07/2026 20:15,09/07/2026 20:56,10/07/2026 08:38,Stat,Paediatrics
LAB500177,1114,Serum Electrolytes,10/07/2026 18:39,10/07/2026 21:23,,Stat,Paediatrics
LAB500178,1114,Blood Culture,10/07/2026 14:39,10/07/2026 16:23,,URGENT,Paediatrics
LAB500179,1114,Blood Culture,10/07/2026 16:39,10/07/2026 18:24,11/07/2026 08:39,URGENT,Paediatrics
LAB500180,1115,CBC,11/07/2026 06:48,11/07/2026 07:53,11/07/2026 17:31,Routine,Pulmonology
LAB500181,1115,LFT,11/07/2026 20:48,11/07/2026 22:31,12/07/2026 11:43,Routine,Pulmonology
LAB500182,1115,Serum Electrolytes,11/07/2026 15:48,11/07/2026 16:38,11/07/2026 22:02,Routine,Pulmonology
LAB500183,1115,LFT,11/07/2026 11:48,11/07/2026 14:18,12/07/2026 00:58,Routine,Pulmonology
LAB500184,1116,Blood Culture,10/07/2026 09:10,10/07/2026 10:26,10/07/2026 11:40,routine,General Medicine
LAB500185,1116,Blood Culture,10/07/2026 04:10,10/07/2026 06:50,10/07/2026 10:26,URGENT,General Medicine
LAB500186,1116,LFT,10/07/2026 18:10,10/07/2026 19:50,11/07/2026 09:07,Stat,General Medicine
LAB500187,1116,Troponin I,10/07/2026 05:10,10/07/2026 07:02,10/07/2026 10:35,URGENT,General Medicine
LAB500188,1117,Serum Electrolytes,10/07/2026 17:52,10/07/2026 19:28,,URGENT,Pulmonology
LAB500189,1117,LFT,12/07/2026 00:52,12/07/2026 02:50,12/07/2026 09:19,STAT,Pulmonology
LAB500190,1117,KFT,11/07/2026 23:52,12/07/2026 00:43,12/07/2026 11:25,URGENT,Pulmonology
LAB500191,1118,Troponin I,11/07/2026 16:01,11/07/2026 18:19,12/07/2026 07:48,URGENT,General Medicine
LAB500192,1119,LFT,12/07/2026 07:39,12/07/2026 08:13,12/07/2026 11:20,Stat,Pulmonology
LAB500193,1119,Troponin I,10/07/2026 19:39,10/07/2026 22:31,11/07/2026 00:02,routine,Pulmonology
LAB500194,1119,ABG,11/07/2026 10:39,11/07/2026 12:04,11/07/2026 23:23,STAT,Pulmonology
LAB500195,1120,Serum Electrolytes,10/07/2026 20:18,10/07/2026 23:17,11/07/2026 01:43,URGENT,Pulmonology
LAB500196,1120,CBC,11/07/2026 01:18,11/07/2026 02:18,11/07/2026 06:06,STAT,Pulmonology
LAB500197,1120,Serum Electrolytes,11/07/2026 14:18,11/07/2026 14:28,12/07/2026 04:52,STAT,Pulmonology
LAB500198,1121,Blood Culture,11/07/2026 10:41,11/07/2026 10:58,11/07/2026 14:28,routine,Paediatrics
LAB500199,1121,CBC,11/07/2026 05:41,11/07/2026 08:29,11/07/2026 18:36,Routine,Paediatrics
LAB500200,1121,Blood Culture,12/07/2026 04:41,12/07/2026 05:26,12/07/2026 09:12,routine,Paediatrics
LAB500201,1122,LFT,11/07/2026 16:18,11/07/2026 18:45,12/07/2026 04:56,Routine,General Medicine
LAB500202,1122,Blood Culture,10/07/2026 16:18,10/07/2026 16:53,11/07/2026 04:07,routine,General Medicine
LAB500203,1122,ABG,10/07/2026 18:18,10/07/2026 21:14,11/07/2026 01:55,Stat,General Medicine
LAB500204,1122,ABG,10/07/2026 18:18,10/07/2026 18:39,,Routine,General Medicine
LAB500205,1123,Serum Electrolytes,13/07/2026 00:57,13/07/2026 03:18,13/07/2026 16:54,routine,Paediatrics
LAB500206,1123,Blood Culture,12/07/2026 20:57,12/07/2026 22:07,13/07/2026 12:23,Stat,Paediatrics
LAB500207,1123,Serum Electrolytes,11/07/2026 22:57,12/07/2026 00:40,12/07/2026 09:26,STAT,Paediatrics
LAB500208,1125,Serum Electrolytes,11/07/2026 23:55,12/07/2026 02:00,12/07/2026 07:02,Stat,Pulmonology
LAB500209,1126,Blood Culture,12/07/2026 05:17,12/07/2026 05:52,12/07/2026 11:41,routine,Cardiology
LAB500210,1126,ABG,12/07/2026 14:17,12/07/2026 17:01,12/07/2026 17:42,STAT,Cardiology
LAB500211,1127,Serum Electrolytes,12/07/2026 10:26,12/07/2026 11:45,12/07/2026 18:50,Stat,General Medicine
LAB500212,1127,KFT,12/07/2026 09:26,12/07/2026 11:47,12/07/2026 22:03,Stat,General Medicine
LAB500213,1128,CRP,11/07/2026 12:25,11/07/2026 15:08,11/07/2026 21:36,STAT,Paediatrics
LAB500214,1128,Serum Electrolytes,12/07/2026 01:25,12/07/2026 02:08,12/07/2026 07:17,STAT,Paediatrics
LAB500215,1128,Troponin I,11/07/2026 23:25,12/07/2026 01:52,12/07/2026 05:51,STAT,Paediatrics
LAB500216,1129,CBC,12/07/2026 02:32,12/07/2026 03:22,12/07/2026 03:57,routine,General Medicine
LAB500217,1129,CBC,12/07/2026 14:32,12/07/2026 15:11,13/07/2026 00:13,Routine,General Medicine
LAB500218,1130,Troponin I,12/07/2026 09:02,12/07/2026 10:18,13/07/2026 00:55,STAT,Paediatrics
LAB500219,1130,LFT,12/07/2026 16:02,12/07/2026 17:14,13/07/2026 08:04,Routine,Paediatrics
LAB500220,1130,LFT,11/07/2026 20:02,11/07/2026 21:40,,URGENT,Paediatrics
LAB500221,1130,KFT,11/07/2026 13:02,11/07/2026 13:31,12/07/2026 04:03,Stat,Paediatrics
LAB500222,1131,KFT,13/07/2026 03:48,13/07/2026 05:39,13/07/2026 14:31,routine,General Medicine
LAB500223,1131,ABG,12/07/2026 18:48,12/07/2026 19:06,13/07/2026 01:25,Stat,General Medicine
LAB500224,1131,CBC,11/07/2026 21:48,11/07/2026 22:19,12/07/2026 13:06,Stat,General Medicine
LAB500225,1133,Serum Electrolytes,13/07/2026 22:14,13/07/2026 23:34,14/07/2026 10:01,routine,General Medicine
LAB500226,1133,KFT,14/07/2026 10:14,14/07/2026 12:01,14/07/2026 18:12,URGENT,General Medicine
LAB500227,1133,ABG,14/07/2026 04:14,14/07/2026 07:08,14/07/2026 17:29,routine,General Medicine
LAB500228,1134,ABG,13/07/2026 13:04,13/07/2026 15:43,13/07/2026 20:36,STAT,Paediatrics
LAB500229,1134,Serum Electrolytes,13/07/2026 10:04,13/07/2026 11:34,13/07/2026 17:20,STAT,Paediatrics
LAB500230,1135,CBC,14/07/2026 02:28,14/07/2026 04:28,14/07/2026 16:16,STAT,Orthopaedics
LAB500231,1135,Blood Culture,12/07/2026 16:28,12/07/2026 19:09,13/07/2026 08:27,routine,Orthopaedics
LAB500232,1136,Troponin I,13/07/2026 10:41,13/07/2026 11:08,13/07/2026 19:16,STAT,Cardiology
LAB500233,1136,Blood Culture,13/07/2026 19:41,13/07/2026 21:27,14/07/2026 08:33,routine,Cardiology
LAB500234,1137,CRP,13/07/2026 11:50,13/07/2026 12:09,13/07/2026 20:11,URGENT,Orthopaedics
LAB500235,1137,LFT,13/07/2026 16:50,13/07/2026 18:12,13/07/2026 18:53,Routine,Orthopaedics
LAB500236,1137,LFT,13/07/2026 17:50,13/07/2026 19:29,,routine,Orthopaedics
LAB500237,1137,KFT,13/07/2026 11:50,13/07/2026 12:44,,URGENT,Orthopaedics
LAB500238,1138,Blood Culture,13/07/2026 08:20,13/07/2026 10:36,13/07/2026 18:07,routine,Orthopaedics
LAB500239,1138,LFT,13/07/2026 23:20,13/07/2026 23:36,14/07/2026 12:12,URGENT,Orthopaedics
LAB500240,1138,CBC,13/07/2026 20:20,13/07/2026 21:43,14/07/2026 08:50,routine,Orthopaedics
LAB500241,1138,Blood Culture,13/07/2026 02:20,13/07/2026 02:40,13/07/2026 11:07,Stat,Orthopaedics
LAB500242,1139,ABG,13/07/2026 00:44,13/07/2026 02:56,13/07/2026 16:22,Stat,Cardiology
LAB500243,1140,Serum Electrolytes,13/07/2026 14:52,13/07/2026 16:21,13/07/2026 20:50,routine,Paediatrics
LAB500244,1140,ABG,13/07/2026 21:52,14/07/2026 00:11,14/07/2026 02:51,STAT,Paediatrics
LAB500245,1141,KFT,14/07/2026 14:01,14/07/2026 14:20,15/07/2026 05:18,routine,Orthopaedics
LAB500246,1141,Blood Culture,14/07/2026 08:01,14/07/2026 10:17,14/07/2026 12:54,Stat,Orthopaedics
LAB500247,1141,KFT,13/07/2026 07:01,13/07/2026 09:15,13/07/2026 22:41,routine,Orthopaedics
LAB500248,1142,Troponin I,12/07/2026 15:41,12/07/2026 18:29,12/07/2026 22:18,URGENT,Emergency
LAB500249,1142,LFT,13/07/2026 19:41,13/07/2026 22:27,13/07/2026 23:51,routine,Emergency
LAB500250,1144,KFT,14/07/2026 19:49,14/07/2026 22:39,15/07/2026 09:23,STAT,Emergency
LAB500251,1144,Serum Electrolytes,15/07/2026 00:49,15/07/2026 03:26,15/07/2026 07:34,URGENT,Emergency
LAB500252,1144,Troponin I,13/07/2026 17:49,13/07/2026 19:34,14/07/2026 08:03,URGENT,Emergency
LAB500253,1145,ABG,13/07/2026 04:29,13/07/2026 05:27,,Stat,Cardiology
LAB500254,1145,CRP,13/07/2026 08:29,13/07/2026 09:48,13/07/2026 21:38,Routine,Cardiology
LAB500255,1145,CRP,13/07/2026 02:29,13/07/2026 04:33,13/07/2026 12:50,Stat,Cardiology
LAB500256,1147,Troponin I,14/07/2026 08:40,14/07/2026 10:32,14/07/2026 19:50,STAT,Orthopaedics
LAB500257,1147,CBC,14/07/2026 03:40,14/07/2026 05:17,14/07/2026 07:05,Stat,Orthopaedics
LAB500258,1147,KFT,15/07/2026 14:40,15/07/2026 16:51,16/07/2026 04:17,Stat,Orthopaedics
LAB500259,1147,CBC,14/07/2026 13:40,14/07/2026 14:32,15/07/2026 01:21,Stat,Orthopaedics
LAB500260,1151,KFT,15/07/2026 23:35,16/07/2026 00:38,16/07/2026 03:53,Stat,Orthopaedics
LAB500261,1151,KFT,15/07/2026 13:35,15/07/2026 14:34,15/07/2026 17:15,STAT,Orthopaedics
LAB500262,1153,Blood Culture,15/07/2026 18:03,15/07/2026 20:17,16/07/2026 06:29,STAT,Orthopaedics
LAB500263,1153,Serum Electrolytes,16/07/2026 02:03,16/07/2026 03:56,16/07/2026 08:48,STAT,Orthopaedics
LAB500264,1153,Serum Electrolytes,14/07/2026 21:03,14/07/2026 22:35,15/07/2026 10:08,STAT,Orthopaedics
LAB500265,1153,CRP,15/07/2026 14:03,15/07/2026 15:05,16/07/2026 04:46,Stat,Orthopaedics
LAB500266,1154,CBC,16/07/2026 08:03,16/07/2026 09:05,16/07/2026 23:00,STAT,General Medicine
LAB500267,1154,ABG,15/07/2026 03:03,15/07/2026 05:42,15/07/2026 15:35,STAT,General Medicine
LAB500268,1155,Blood Culture,15/07/2026 17:25,15/07/2026 19:07,16/07/2026 08:07,Stat,Cardiology
LAB500269,1155,Troponin I,15/07/2026 18:25,15/07/2026 19:14,16/07/2026 01:04,STAT,Cardiology
LAB500270,1155,LFT,15/07/2026 16:25,15/07/2026 18:12,16/07/2026 00:40,Stat,Cardiology
LAB500271,1155,Serum Electrolytes,16/07/2026 03:25,16/07/2026 04:53,16/07/2026 06:42,routine,Cardiology
LAB500272,1156,Blood Culture,15/07/2026 00:36,15/07/2026 02:12,15/07/2026 06:44,Routine,Cardiology
LAB500273,1156,Troponin I,15/07/2026 06:36,15/07/2026 07:05,15/07/2026 14:33,URGENT,Cardiology
LAB500274,1158,LFT,16/07/2026 04:15,16/07/2026 05:10,16/07/2026 07:41,STAT,General Medicine
LAB500275,1158,KFT,15/07/2026 11:15,15/07/2026 13:08,15/07/2026 16:51,Routine,General Medicine
LAB500276,1158,LFT,15/07/2026 00:15,15/07/2026 00:32,15/07/2026 15:00,URGENT,General Medicine
LAB500277,1160,Troponin I,15/07/2026 16:36,15/07/2026 18:09,15/07/2026 22:14,routine,Pulmonology
LAB500278,1160,Serum Electrolytes,15/07/2026 19:36,15/07/2026 21:43,16/07/2026 05:12,Routine,Pulmonology
LAB500279,1160,KFT,15/07/2026 22:36,15/07/2026 23:38,16/07/2026 14:02,URGENT,Pulmonology
LAB500280,1160,CBC,15/07/2026 15:36,15/07/2026 15:57,15/07/2026 17:28,STAT,Pulmonology
LAB500281,1161,ABG,14/07/2026 23:48,15/07/2026 01:37,15/07/2026 05:27,routine,Orthopaedics
LAB500282,1161,CRP,15/07/2026 11:48,15/07/2026 13:36,16/07/2026 01:32,Stat,Orthopaedics
LAB500283,1161,Serum Electrolytes,16/07/2026 07:48,16/07/2026 10:00,16/07/2026 18:57,Routine,Orthopaedics
LAB500284,1161,KFT,15/07/2026 00:48,15/07/2026 01:50,15/07/2026 04:02,URGENT,Orthopaedics
LAB500285,1163,Blood Culture,16/07/2026 02:31,16/07/2026 03:10,16/07/2026 06:59,Stat,Orthopaedics
LAB500286,1164,CBC,16/07/2026 21:35,16/07/2026 23:25,17/07/2026 04:32,Stat,General Medicine
LAB500287,1164,ABG,15/07/2026 10:35,15/07/2026 11:19,15/07/2026 14:40,Routine,General Medicine
LAB500288,1164,Troponin I,16/07/2026 03:35,16/07/2026 06:24,16/07/2026 14:30,Stat,General Medicine
LAB500289,1164,ABG,16/07/2026 20:35,16/07/2026 21:19,17/07/2026 05:24,Routine,General Medicine
LAB500290,1167,Serum Electrolytes,16/07/2026 15:07,16/07/2026 16:36,16/07/2026 20:31,Routine,Cardiology
LAB500291,1167,Blood Culture,16/07/2026 12:07,16/07/2026 14:42,16/07/2026 15:50,STAT,Cardiology
LAB500292,1167,CBC,16/07/2026 00:07,16/07/2026 01:43,16/07/2026 13:00,Stat,Cardiology
LAB500293,1167,KFT,16/07/2026 14:07,16/07/2026 15:47,16/07/2026 18:48,Stat,Cardiology
LAB500294,1168,Serum Electrolytes,16/07/2026 04:42,16/07/2026 06:15,16/07/2026 13:41,URGENT,Pulmonology
LAB500295,1169,CBC,16/07/2026 07:20,16/07/2026 10:19,17/07/2026 01:19,Stat,Emergency
LAB500296,1169,KFT,16/07/2026 10:20,16/07/2026 12:11,16/07/2026 20:44,URGENT,Emergency
LAB500297,1169,CRP,15/07/2026 09:20,15/07/2026 10:47,,Routine,Emergency
LAB500298,1170,ABG,16/07/2026 02:27,16/07/2026 03:39,16/07/2026 09:32,routine,General Medicine
LAB500299,1170,Serum Electrolytes,16/07/2026 05:27,16/07/2026 06:14,16/07/2026 14:27,Routine,General Medicine
LAB500300,1171,Troponin I,15/07/2026 22:55,16/07/2026 01:15,16/07/2026 13:26,routine,Emergency
LAB500301,1171,Serum Electrolytes,15/07/2026 14:55,15/07/2026 16:16,16/07/2026 02:27,routine,Emergency
LAB500302,1171,CRP,15/07/2026 19:55,15/07/2026 22:41,16/07/2026 08:13,Stat,Emergency
LAB500303,1172,Serum Electrolytes,17/07/2026 14:36,17/07/2026 17:33,18/07/2026 07:38,Stat,Cardiology
LAB500304,1172,CBC,16/07/2026 10:36,16/07/2026 11:54,16/07/2026 18:14,Routine,Cardiology
LAB500305,1172,KFT,16/07/2026 09:36,16/07/2026 11:55,16/07/2026 15:34,Stat,Cardiology
LAB500306,1173,CBC,17/07/2026 05:16,17/07/2026 07:46,,Routine,Cardiology
LAB500307,1174,CRP,17/07/2026 02:52,17/07/2026 04:21,17/07/2026 05:48,Stat,Orthopaedics
LAB500308,1174,Blood Culture,16/07/2026 15:52,16/07/2026 18:20,16/07/2026 22:54,routine,Orthopaedics
LAB500309,1175,ABG,17/07/2026 22:41,18/07/2026 01:18,18/07/2026 10:28,URGENT,General Medicine
LAB500310,1175,Serum Electrolytes,16/07/2026 14:41,16/07/2026 17:02,17/07/2026 02:24,routine,General Medicine
LAB500311,1175,CBC,18/07/2026 04:41,18/07/2026 07:07,18/07/2026 14:00,Routine,General Medicine
LAB500312,1176,ABG,17/07/2026 10:05,17/07/2026 10:25,17/07/2026 15:28,Routine,Pulmonology
LAB500313,1177,Blood Culture,18/07/2026 04:04,18/07/2026 06:20,18/07/2026 19:05,Stat,Cardiology
LAB500314,1178,ABG,18/07/2026 01:27,18/07/2026 02:33,18/07/2026 11:41,Stat,Cardiology
LAB500315,1178,ABG,17/07/2026 17:27,17/07/2026 19:52,18/07/2026 04:59,Routine,Cardiology
LAB500316,1179,LFT,17/07/2026 14:32,17/07/2026 15:23,,routine,General Medicine
LAB500317,1179,Troponin I,17/07/2026 10:32,17/07/2026 13:15,18/07/2026 01:54,routine,General Medicine
LAB500318,1179,LFT,17/07/2026 22:32,18/07/2026 00:35,18/07/2026 07:25,Routine,General Medicine
LAB500319,1179,Troponin I,16/07/2026 19:32,16/07/2026 22:05,17/07/2026 06:19,Stat,General Medicine
LAB500320,1180,CBC,16/07/2026 22:31,17/07/2026 00:26,17/07/2026 08:49,routine,Emergency
LAB500321,1181,Blood Culture,17/07/2026 18:26,17/07/2026 18:56,18/07/2026 05:58,URGENT,Paediatrics
LAB500322,1183,LFT,18/07/2026 06:22,18/07/2026 08:36,18/07/2026 09:36,Routine,General Medicine
LAB500323,1183,ABG,18/07/2026 21:22,18/07/2026 23:38,19/07/2026 02:58,routine,General Medicine
LAB500324,1183,CBC,19/07/2026 01:22,19/07/2026 01:44,19/07/2026 15:09,Stat,General Medicine
LAB500325,1184,Blood Culture,18/07/2026 04:16,18/07/2026 05:30,18/07/2026 09:42,Stat,Emergency
LAB500326,1184,Troponin I,18/07/2026 17:16,18/07/2026 19:47,19/07/2026 01:36,URGENT,Emergency
LAB500327,1185,LFT,18/07/2026 00:34,18/07/2026 01:55,18/07/2026 16:50,STAT,Cardiology
LAB500328,1185,Troponin I,17/07/2026 22:34,17/07/2026 23:58,18/07/2026 11:50,URGENT,Cardiology
LAB500329,1185,Troponin I,18/07/2026 23:34,19/07/2026 01:17,19/07/2026 10:12,routine,Cardiology
LAB500330,1185,KFT,17/07/2026 23:34,18/07/2026 01:27,18/07/2026 06:01,URGENT,Cardiology
LAB500331,1187,Troponin I,17/07/2026 23:03,18/07/2026 01:04,18/07/2026 12:35,URGENT,Emergency
LAB500332,1187,KFT,18/07/2026 14:03,18/07/2026 17:00,19/07/2026 04:22,URGENT,Emergency
LAB500333,1187,LFT,18/07/2026 15:03,18/07/2026 17:32,19/07/2026 06:11,routine,Emergency
LAB500334,1188,Serum Electrolytes,17/07/2026 13:22,17/07/2026 14:12,18/07/2026 03:14,Routine,Pulmonology
LAB500335,1188,Blood Culture,18/07/2026 00:22,18/07/2026 01:17,18/07/2026 02:36,Stat,Pulmonology
LAB500336,1188,CRP,19/07/2026 03:22,19/07/2026 05:30,19/07/2026 12:56,URGENT,Pulmonology
LAB500337,1188,CRP,18/07/2026 12:22,18/07/2026 13:52,19/07/2026 04:22,routine,Pulmonology
LAB500338,1189,LFT,17/07/2026 17:20,17/07/2026 19:02,17/07/2026 22:42,STAT,General Medicine
LAB500339,1189,KFT,19/07/2026 02:20,19/07/2026 05:09,19/07/2026 10:02,Stat,General Medicine
LAB500340,1189,Serum Electrolytes,18/07/2026 10:20,18/07/2026 12:44,18/07/2026 22:06,routine,General Medicine
LAB500341,1192,KFT,19/07/2026 02:09,19/07/2026 04:37,19/07/2026 12:26,URGENT,General Medicine
LAB500342,1193,Blood Culture,19/07/2026 00:09,19/07/2026 02:14,19/07/2026 05:34,Routine,General Medicine
LAB500343,1193,CRP,18/07/2026 17:09,18/07/2026 19:20,19/07/2026 04:00,routine,General Medicine
LAB500344,1193,Troponin I,19/07/2026 15:09,19/07/2026 16:01,19/07/2026 23:34,routine,General Medicine
LAB500345,1194,Serum Electrolytes,20/07/2026 12:35,20/07/2026 14:27,21/07/2026 01:23,Stat,General Medicine
LAB500346,1194,KFT,20/07/2026 04:35,20/07/2026 07:29,,Routine,General Medicine
LAB500347,1194,LFT,19/07/2026 03:35,19/07/2026 04:14,19/07/2026 15:12,STAT,General Medicine
LAB500348,1194,KFT,19/07/2026 16:35,19/07/2026 18:26,20/07/2026 07:12,Routine,General Medicine
LAB500349,1195,CBC,19/07/2026 07:33,19/07/2026 08:43,19/07/2026 17:43,URGENT,Orthopaedics
LAB500350,1195,Troponin I,19/07/2026 13:33,19/07/2026 15:35,20/07/2026 04:56,URGENT,Orthopaedics
LAB500351,1195,Blood Culture,19/07/2026 01:33,19/07/2026 03:14,19/07/2026 16:37,Routine,Orthopaedics
LAB500352,1196,Blood Culture,20/07/2026 09:10,20/07/2026 11:22,20/07/2026 15:23,STAT,Orthopaedics
LAB500353,1196,KFT,19/07/2026 21:10,19/07/2026 21:37,19/07/2026 23:54,Routine,Orthopaedics
LAB500354,1197,CRP,18/07/2026 10:01,18/07/2026 12:28,18/07/2026 14:07,STAT,General Medicine
LAB500355,1197,KFT,18/07/2026 13:01,18/07/2026 15:49,19/07/2026 04:04,URGENT,General Medicine
LAB500356,1198,Troponin I,19/07/2026 20:11,19/07/2026 22:02,20/07/2026 09:02,URGENT,Orthopaedics
LAB500357,1201,KFT,19/07/2026 05:40,19/07/2026 07:14,19/07/2026 08:17,routine,Emergency
LAB500358,1201,CRP,19/07/2026 17:40,19/07/2026 18:16,20/07/2026 00:08,STAT,Emergency
LAB500359,1201,Blood Culture,19/07/2026 06:40,19/07/2026 07:14,19/07/2026 18:08,routine,Emergency
LAB500360,1202,Blood Culture,19/07/2026 02:02,19/07/2026 03:04,19/07/2026 11:35,Stat,Emergency
LAB500361,1202,Blood Culture,19/07/2026 22:02,20/07/2026 00:36,20/07/2026 04:47,routine,Emergency
LAB500362,1203,CRP,20/07/2026 13:36,20/07/2026 13:46,20/07/2026 21:11,routine,General Medicine
LAB500363,1203,LFT,20/07/2026 15:36,20/07/2026 16:48,20/07/2026 22:18,routine,General Medicine
LAB500364,1204,Blood Culture,19/07/2026 18:18,19/07/2026 20:54,19/07/2026 23:04,URGENT,Pulmonology
LAB500365,1204,Blood Culture,19/07/2026 17:18,19/07/2026 19:03,20/07/2026 01:24,Routine,Pulmonology
LAB500366,1205,ABG,20/07/2026 16:15,20/07/2026 17:33,21/07/2026 04:43,Routine,Emergency
LAB500367,1206,Troponin I,21/07/2026 04:26,21/07/2026 05:30,21/07/2026 14:44,STAT,Paediatrics
LAB500368,1206,CRP,20/07/2026 05:26,20/07/2026 08:03,20/07/2026 11:53,Stat,Paediatrics
LAB500369,1206,Blood Culture,20/07/2026 16:26,20/07/2026 16:57,20/07/2026 21:20,routine,Paediatrics
LAB500370,1206,CBC,21/07/2026 01:26,21/07/2026 04:20,21/07/2026 05:27,STAT,Paediatrics
LAB500371,1207,Blood Culture,20/07/2026 03:34,20/07/2026 06:33,20/07/2026 09:29,Stat,Cardiology
LAB500372,1207,Serum Electrolytes,19/07/2026 23:34,20/07/2026 01:31,20/07/2026 16:04,Routine,Cardiology
LAB500373,1209,CRP,20/07/2026 18:50,20/07/2026 21:00,21/07/2026 09:17,URGENT,Cardiology
LAB500374,1209,CBC,19/07/2026 11:50,19/07/2026 13:25,20/07/2026 00:56,Routine,Cardiology
LAB500375,1209,CBC,19/07/2026 11:50,19/07/2026 14:08,19/07/2026 16:56,routine,Cardiology
LAB500376,1209,LFT,19/07/2026 11:50,19/07/2026 14:48,19/07/2026 16:03,routine,Cardiology
LAB500377,1210,CRP,21/07/2026 11:48,21/07/2026 12:32,22/07/2026 01:45,URGENT,Emergency
LAB500378,1211,KFT,21/07/2026 18:52,21/07/2026 19:20,22/07/2026 07:54,STAT,Paediatrics
LAB500379,1211,CRP,21/07/2026 16:52,21/07/2026 17:58,22/07/2026 08:23,Stat,Paediatrics
LAB500380,1212,ABG,21/07/2026 03:47,21/07/2026 05:25,21/07/2026 16:20,STAT,General Medicine
LAB500381,1212,Troponin I,21/07/2026 20:47,21/07/2026 23:08,22/07/2026 01:58,Stat,General Medicine
LAB500382,1212,ABG,22/07/2026 10:47,22/07/2026 11:19,23/07/2026 01:14,URGENT,General Medicine
LAB500383,1213,KFT,21/07/2026 11:06,21/07/2026 11:18,21/07/2026 13:30,URGENT,Emergency
LAB500384,1213,LFT,21/07/2026 23:06,22/07/2026 00:52,22/07/2026 13:58,STAT,Emergency
LAB500385,1213,CRP,20/07/2026 16:06,20/07/2026 18:28,20/07/2026 20:28,Routine,Emergency
LAB500386,1214,CBC,21/07/2026 17:54,21/07/2026 18:41,21/07/2026 23:57,Routine,Orthopaedics
LAB500387,1214,Troponin I,20/07/2026 11:54,20/07/2026 14:01,20/07/2026 23:18,routine,Orthopaedics
LAB500388,1214,CBC,20/07/2026 10:54,20/07/2026 13:09,20/07/2026 13:53,STAT,Orthopaedics
LAB500389,1214,Serum Electrolytes,21/07/2026 03:54,21/07/2026 06:49,21/07/2026 10:15,routine,Orthopaedics
LAB500390,1215,Troponin I,21/07/2026 12:39,21/07/2026 14:56,21/07/2026 15:42,Routine,Pulmonology
LAB500391,1215,ABG,21/07/2026 06:39,21/07/2026 09:15,21/07/2026 12:34,routine,Pulmonology
LAB500392,1215,Serum Electrolytes,21/07/2026 00:39,21/07/2026 01:23,21/07/2026 12:32,STAT,Pulmonology
LAB500393,1215,Troponin I,21/07/2026 07:39,21/07/2026 09:01,21/07/2026 22:53,STAT,Pulmonology
LAB500394,1216,CBC,22/07/2026 04:15,22/07/2026 07:05,22/07/2026 13:44,STAT,Cardiology
LAB500395,1216,LFT,21/07/2026 08:15,21/07/2026 09:28,21/07/2026 18:15,routine,Cardiology
LAB500396,1216,KFT,22/07/2026 00:15,22/07/2026 01:27,22/07/2026 07:06,STAT,Cardiology
LAB500397,1216,CRP,21/07/2026 15:15,21/07/2026 17:36,21/07/2026 23:53,Stat,Cardiology
LAB500398,1218,ABG,21/07/2026 10:03,21/07/2026 12:12,21/07/2026 22:37,Stat,Pulmonology
LAB500399,1218,CBC,21/07/2026 13:03,21/07/2026 15:24,21/07/2026 19:09,Stat,Pulmonology
LAB500400,1220,CRP,21/07/2026 06:46,21/07/2026 07:51,21/07/2026 22:39,URGENT,General Medicine
LAB500401,1221,CBC,22/07/2026 14:40,22/07/2026 17:23,23/07/2026 04:59,Stat,Cardiology
LAB500402,1222,Troponin I,22/07/2026 15:26,22/07/2026 17:40,23/07/2026 04:24,URGENT,General Medicine
LAB500403,1222,LFT,22/07/2026 01:26,22/07/2026 02:38,22/07/2026 06:39,Stat,General Medicine
LAB500404,1223,Blood Culture,22/07/2026 10:17,22/07/2026 11:48,22/07/2026 20:16,URGENT,Emergency
LAB500405,1223,CRP,22/07/2026 22:17,22/07/2026 23:00,23/07/2026 10:49,STAT,Emergency
LAB500406,1223,CBC,22/07/2026 20:17,22/07/2026 23:04,23/07/2026 14:01,Routine,Emergency
LAB500407,1223,Troponin I,22/07/2026 06:17,22/07/2026 06:46,22/07/2026 20:29,STAT,Emergency
LAB500408,1224,LFT,22/07/2026 09:44,22/07/2026 12:37,22/07/2026 19:02,Stat,General Medicine
LAB500409,1224,KFT,21/07/2026 16:44,21/07/2026 17:57,21/07/2026 22:16,Stat,General Medicine
LAB500410,1225,ABG,23/07/2026 02:18,23/07/2026 04:48,23/07/2026 16:40,URGENT,Orthopaedics
LAB500411,1225,Blood Culture,22/07/2026 10:18,22/07/2026 11:32,,Routine,Orthopaedics
LAB500412,1225,Troponin I,22/07/2026 01:18,22/07/2026 02:11,22/07/2026 05:51,STAT,Orthopaedics
LAB500413,1226,KFT,22/07/2026 13:37,22/07/2026 16:27,22/07/2026 20:41,Stat,General Medicine
LAB500414,1226,CRP,23/07/2026 02:37,23/07/2026 04:11,23/07/2026 11:34,routine,General Medicine
LAB500415,1226,Serum Electrolytes,22/07/2026 11:37,22/07/2026 12:15,22/07/2026 19:06,Routine,General Medicine
LAB500416,1226,LFT,21/07/2026 19:37,21/07/2026 19:53,22/07/2026 08:00,URGENT,General Medicine
LAB500417,1227,Serum Electrolytes,21/07/2026 23:36,22/07/2026 00:56,22/07/2026 12:24,URGENT,Pulmonology
LAB500418,1227,Serum Electrolytes,21/07/2026 10:36,21/07/2026 12:19,21/07/2026 15:07,URGENT,Pulmonology
LAB500419,1227,KFT,22/07/2026 03:36,22/07/2026 05:15,22/07/2026 14:51,Stat,Pulmonology
LAB500420,1227,Blood Culture,22/07/2026 17:36,22/07/2026 19:43,23/07/2026 08:43,Routine,Pulmonology
LAB500421,1229,Troponin I,23/07/2026 08:00,23/07/2026 10:16,23/07/2026 22:08,STAT,Pulmonology
LAB500422,1229,ABG,22/07/2026 23:00,22/07/2026 23:47,23/07/2026 03:18,routine,Pulmonology
LAB500423,1230,LFT,24/07/2026 08:39,24/07/2026 10:18,24/07/2026 16:07,Stat,Paediatrics
LAB500424,1231,Troponin I,22/07/2026 21:56,22/07/2026 22:15,22/07/2026 22:44,STAT,Orthopaedics
LAB500425,1231,CBC,24/07/2026 02:56,24/07/2026 04:19,24/07/2026 14:08,URGENT,Orthopaedics
LAB500426,1232,LFT,22/07/2026 19:29,22/07/2026 20:40,23/07/2026 10:55,routine,Orthopaedics
LAB500427,1232,LFT,23/07/2026 08:29,23/07/2026 11:21,23/07/2026 15:03,Routine,Orthopaedics
LAB500428,1232,Blood Culture,23/07/2026 07:29,23/07/2026 08:55,23/07/2026 15:35,Routine,Orthopaedics
LAB500429,1233,CBC,23/07/2026 14:07,23/07/2026 14:22,24/07/2026 02:04,STAT,Paediatrics
LAB500430,1233,ABG,24/07/2026 09:07,24/07/2026 09:34,24/07/2026 22:35,Stat,Paediatrics
LAB500431,1233,CBC,23/07/2026 12:07,23/07/2026 13:29,23/07/2026 20:23,STAT,Paediatrics
LAB500432,1234,CBC,24/07/2026 06:43,24/07/2026 08:22,24/07/2026 11:44,URGENT,General Medicine
LAB500433,1235,Serum Electrolytes,23/07/2026 07:36,23/07/2026 08:57,23/07/2026 15:47,routine,Paediatrics
LAB500434,1235,CRP,23/07/2026 17:36,23/07/2026 19:56,24/07/2026 04:24,Stat,Paediatrics
LAB500435,1235,Troponin I,23/07/2026 13:36,23/07/2026 14:21,23/07/2026 19:46,Stat,Paediatrics
LAB500436,1238,KFT,23/07/2026 18:47,23/07/2026 20:21,23/07/2026 20:47,Routine,Emergency
LAB500437,1239,Troponin I,24/07/2026 19:18,24/07/2026 20:31,24/07/2026 22:20,Routine,General Medicine
LAB500438,1239,LFT,25/07/2026 01:18,25/07/2026 01:46,25/07/2026 03:15,STAT,General Medicine
LAB500439,1239,ABG,25/07/2026 09:18,25/07/2026 11:45,25/07/2026 21:07,routine,General Medicine
LAB500440,1239,Troponin I,24/07/2026 18:18,24/07/2026 19:45,24/07/2026 22:58,Stat,General Medicine
LAB500441,1240,ABG,24/07/2026 09:38,24/07/2026 09:53,24/07/2026 21:53,URGENT,Cardiology
LAB500442,1240,CRP,25/07/2026 00:38,25/07/2026 01:06,25/07/2026 09:02,Stat,Cardiology
LAB500443,1240,CBC,25/07/2026 00:38,25/07/2026 01:49,25/07/2026 09:07,STAT,Cardiology
LAB500444,1240,Blood Culture,24/07/2026 15:38,24/07/2026 18:09,25/07/2026 00:34,URGENT,Cardiology
LAB500445,1241,ABG,24/07/2026 20:19,24/07/2026 20:44,25/07/2026 10:04,Stat,Emergency
LAB500446,1241,Serum Electrolytes,25/07/2026 04:19,25/07/2026 04:55,25/07/2026 07:53,Routine,Emergency
LAB500447,1241,KFT,24/07/2026 20:19,24/07/2026 23:07,24/07/2026 23:56,Stat,Emergency
LAB500448,1241,Serum Electrolytes,25/07/2026 08:19,25/07/2026 09:43,,STAT,Emergency
LAB500449,1242,Troponin I,23/07/2026 21:50,23/07/2026 23:32,24/07/2026 01:50,routine,Emergency
LAB500450,1242,Blood Culture,24/07/2026 11:50,24/07/2026 13:29,24/07/2026 22:36,STAT,Emergency
LAB500451,1243,ABG,23/07/2026 22:34,24/07/2026 00:36,24/07/2026 09:55,STAT,Pulmonology
LAB500452,1243,CRP,25/07/2026 09:34,25/07/2026 10:11,25/07/2026 20:54,routine,Pulmonology
LAB500453,1243,CRP,25/07/2026 00:34,25/07/2026 01:20,25/07/2026 16:05,routine,Pulmonology
LAB500454,1244,ABG,23/07/2026 07:01,23/07/2026 09:28,24/07/2026 00:26,Stat,General Medicine
LAB500455,1244,Troponin I,24/07/2026 18:01,24/07/2026 18:53,24/07/2026 19:22,Routine,General Medicine
LAB500456,1244,CBC,24/07/2026 13:01,24/07/2026 14:44,24/07/2026 15:43,Stat,General Medicine
LAB500457,1245,KFT,24/07/2026 23:32,25/07/2026 00:51,25/07/2026 08:48,URGENT,Cardiology
LAB500458,1245,Serum Electrolytes,24/07/2026 16:32,24/07/2026 17:10,24/07/2026 21:05,STAT,Cardiology
LAB500459,1246,KFT,25/07/2026 11:36,25/07/2026 13:01,25/07/2026 21:58,Routine,Pulmonology
LAB500460,1246,Troponin I,26/07/2026 04:36,26/07/2026 06:18,26/07/2026 08:56,STAT,Pulmonology
LAB500461,1246,ABG,25/07/2026 00:36,25/07/2026 00:58,25/07/2026 11:19,STAT,Pulmonology
LAB500462,1247,Blood Culture,25/07/2026 13:03,25/07/2026 15:55,25/07/2026 23:33,routine,General Medicine
LAB500463,1247,Serum Electrolytes,24/07/2026 01:03,24/07/2026 02:40,24/07/2026 12:16,STAT,General Medicine
LAB500464,1247,CRP,24/07/2026 09:03,24/07/2026 11:05,24/07/2026 20:39,URGENT,General Medicine
LAB500465,1248,Troponin I,25/07/2026 13:10,25/07/2026 14:43,25/07/2026 20:30,routine,Cardiology
LAB500466,1250,ABG,25/07/2026 10:01,25/07/2026 11:57,25/07/2026 16:46,STAT,Pulmonology
LAB500467,1250,CRP,26/07/2026 00:01,26/07/2026 00:28,26/07/2026 06:35,routine,Pulmonology
LAB500468,1251,Serum Electrolytes,25/07/2026 06:05,25/07/2026 06:24,25/07/2026 07:33,Routine,General Medicine
LAB500469,1252,CRP,25/07/2026 20:36,25/07/2026 21:35,26/07/2026 01:24,STAT,General Medicine
LAB500470,1253,LFT,26/07/2026 08:33,26/07/2026 09:53,26/07/2026 17:02,URGENT,Cardiology
LAB500471,1253,Blood Culture,26/07/2026 15:33,26/07/2026 17:53,27/07/2026 08:52,Routine,Cardiology
LAB500472,1253,Troponin I,26/07/2026 16:33,26/07/2026 17:04,26/07/2026 23:34,routine,Cardiology
LAB500473,1254,Troponin I,27/07/2026 05:01,27/07/2026 05:15,27/07/2026 09:39,URGENT,Cardiology
LAB500474,1254,KFT,26/07/2026 07:01,26/07/2026 07:50,26/07/2026 21:45,Routine,Cardiology
LAB500475,1256,ABG,26/07/2026 09:32,26/07/2026 11:05,26/07/2026 17:15,Routine,Cardiology
LAB500476,1257,Serum Electrolytes,26/07/2026 03:37,26/07/2026 05:42,26/07/2026 08:55,routine,Paediatrics
LAB500477,1257,ABG,27/07/2026 10:37,27/07/2026 11:40,27/07/2026 21:00,STAT,Paediatrics
LAB500478,1257,Blood Culture,26/07/2026 13:37,26/07/2026 16:36,26/07/2026 22:57,STAT,Paediatrics
LAB500479,1258,Troponin I,27/07/2026 03:37,27/07/2026 04:25,27/07/2026 08:12,URGENT,Paediatrics
LAB500480,1258,LFT,25/07/2026 18:37,25/07/2026 20:06,26/07/2026 00:09,Stat,Paediatrics
LAB500481,1258,ABG,25/07/2026 13:37,25/07/2026 16:05,26/07/2026 06:43,Stat,Paediatrics
LAB500482,1259,CRP,26/07/2026 11:55,26/07/2026 13:26,26/07/2026 17:38,Routine,General Medicine
LAB500483,1259,CBC,26/07/2026 00:55,26/07/2026 02:12,26/07/2026 05:47,routine,General Medicine
LAB500484,1260,Blood Culture,25/07/2026 14:38,25/07/2026 17:35,25/07/2026 19:10,routine,Pulmonology
LAB500485,1260,LFT,25/07/2026 06:38,25/07/2026 07:37,25/07/2026 13:36,URGENT,Pulmonology
LAB500486,1260,KFT,25/07/2026 09:38,25/07/2026 12:33,26/07/2026 03:09,routine,Pulmonology
LAB500487,1260,KFT,26/07/2026 14:38,26/07/2026 16:14,27/07/2026 01:59,routine,Pulmonology
LAB500488,1262,KFT,27/07/2026 05:07,27/07/2026 07:05,27/07/2026 09:49,STAT,Paediatrics
LAB500489,1262,Blood Culture,27/07/2026 16:07,27/07/2026 18:51,28/07/2026 04:40,routine,Paediatrics
LAB500490,1262,CRP,27/07/2026 02:07,27/07/2026 04:24,27/07/2026 08:13,URGENT,Paediatrics
LAB500491,1262,Troponin I,28/07/2026 15:07,28/07/2026 17:23,28/07/2026 20:42,STAT,Paediatrics
LAB500492,1263,KFT,28/07/2026 06:18,28/07/2026 07:25,28/07/2026 22:15,STAT,Orthopaedics
LAB500493,1264,ABG,26/07/2026 19:29,26/07/2026 20:23,27/07/2026 03:31,Routine,Pulmonology
LAB500494,1265,KFT,26/07/2026 22:12,27/07/2026 01:12,27/07/2026 01:42,Routine,Emergency
LAB500495,1265,Blood Culture,27/07/2026 20:12,27/07/2026 22:08,27/07/2026 23:22,URGENT,Emergency
LAB500496,1265,KFT,27/07/2026 22:12,27/07/2026 23:20,28/07/2026 02:11,routine,Emergency
LAB500497,1266,KFT,27/07/2026 20:36,27/07/2026 21:29,28/07/2026 06:10,Routine,Cardiology
LAB500498,1267,LFT,27/07/2026 21:06,27/07/2026 22:00,28/07/2026 11:02,routine,Pulmonology
LAB500499,1267,CBC,26/07/2026 17:06,26/07/2026 20:01,27/07/2026 03:31,routine,Pulmonology
LAB500500,1267,KFT,26/07/2026 20:06,26/07/2026 23:06,27/07/2026 09:27,Stat,Pulmonology
LAB500501,1268,KFT,27/07/2026 19:14,27/07/2026 21:37,28/07/2026 04:13,routine,General Medicine
LAB500502,1268,ABG,27/07/2026 01:14,27/07/2026 01:37,27/07/2026 08:48,Stat,General Medicine
LAB500503,1268,Serum Electrolytes,27/07/2026 19:14,27/07/2026 22:06,28/07/2026 07:50,URGENT,General Medicine
LAB500504,1269,CRP,28/07/2026 03:54,28/07/2026 06:30,28/07/2026 20:55,Routine,General Medicine
LAB500505,1270,Serum Electrolytes,27/07/2026 17:52,27/07/2026 18:02,28/07/2026 06:21,Stat,Pulmonology
LAB500506,1270,CRP,27/07/2026 03:52,27/07/2026 05:27,27/07/2026 15:23,URGENT,Pulmonology
LAB500507,1270,CBC,27/07/2026 01:52,27/07/2026 04:49,27/07/2026 17:44,Stat,Pulmonology
LAB500508,1271,LFT,28/07/2026 12:37,28/07/2026 14:24,28/07/2026 19:02,Routine,Cardiology
LAB500509,1273,CBC,28/07/2026 01:08,28/07/2026 03:41,28/07/2026 17:23,Routine,Cardiology
LAB500510,1274,CRP,28/07/2026 11:08,28/07/2026 12:48,28/07/2026 21:18,routine,Cardiology
LAB500511,1276,CBC,28/07/2026 12:49,28/07/2026 13:21,28/07/2026 15:22,URGENT,Pulmonology
LAB500512,1276,ABG,27/07/2026 04:49,27/07/2026 06:24,27/07/2026 19:30,routine,Pulmonology
LAB500513,1277,KFT,29/07/2026 13:21,29/07/2026 14:22,29/07/2026 19:27,Stat,General Medicine
LAB500514,1277,ABG,29/07/2026 17:21,29/07/2026 17:46,29/07/2026 20:41,Stat,General Medicine
LAB500515,1277,KFT,29/07/2026 15:21,29/07/2026 16:27,,Stat,General Medicine
LAB500516,1278,CRP,29/07/2026 20:56,29/07/2026 23:39,30/07/2026 06:08,Routine,Orthopaedics
LAB500517,1278,Blood Culture,28/07/2026 18:56,28/07/2026 19:31,29/07/2026 06:30,routine,Orthopaedics
LAB500518,1279,ABG,29/07/2026 08:32,29/07/2026 09:04,29/07/2026 14:00,URGENT,General Medicine
LAB500519,1279,ABG,29/07/2026 15:32,29/07/2026 16:44,29/07/2026 17:16,Stat,General Medicine
LAB500520,1281,Blood Culture,29/07/2026 11:49,29/07/2026 13:40,29/07/2026 14:43,URGENT,Orthopaedics
LAB500521,1281,Blood Culture,29/07/2026 10:49,29/07/2026 11:41,30/07/2026 00:08,routine,Orthopaedics
LAB500522,1281,CBC,29/07/2026 14:49,29/07/2026 17:37,30/07/2026 06:44,Routine,Orthopaedics
LAB500523,1281,CRP,28/07/2026 23:49,29/07/2026 02:12,29/07/2026 03:48,Stat,Orthopaedics
LAB500524,1282,ABG,29/07/2026 16:02,29/07/2026 17:37,30/07/2026 06:10,URGENT,Emergency
LAB500525,1282,ABG,29/07/2026 02:02,29/07/2026 02:51,29/07/2026 08:20,STAT,Emergency
LAB500526,1283,CRP,30/07/2026 05:18,30/07/2026 05:42,30/07/2026 16:32,routine,General Medicine
LAB500527,1283,LFT,28/07/2026 23:18,28/07/2026 23:51,29/07/2026 03:42,URGENT,General Medicine
LAB500528,1284,CRP,29/07/2026 08:57,29/07/2026 09:23,,URGENT,Pulmonology
LAB500529,1285,CBC,28/07/2026 07:32,28/07/2026 10:07,28/07/2026 13:24,routine,General Medicine
LAB500530,1285,Serum Electrolytes,29/07/2026 06:32,29/07/2026 08:30,29/07/2026 20:27,STAT,General Medicine
LAB500531,1285,KFT,28/07/2026 15:32,28/07/2026 17:02,29/07/2026 03:07,Routine,General Medicine
LAB500532,1285,CBC,28/07/2026 04:32,28/07/2026 06:47,28/07/2026 13:30,STAT,General Medicine
LAB500533,1287,KFT,31/07/2026 00:05,31/07/2026 02:56,31/07/2026 04:16,URGENT,Orthopaedics
LAB500534,1288,LFT,31/07/2026 01:48,31/07/2026 02:22,31/07/2026 09:44,STAT,General Medicine
LAB500535,1288,Troponin I,31/07/2026 09:48,31/07/2026 11:41,31/07/2026 13:00,Routine,General Medicine
LAB500536,1288,Blood Culture,29/07/2026 20:48,29/07/2026 21:09,30/07/2026 00:48,URGENT,General Medicine
LAB500537,1288,Serum Electrolytes,30/07/2026 17:48,30/07/2026 18:15,31/07/2026 03:49,STAT,General Medicine
LAB500538,1290,CRP,29/07/2026 21:58,29/07/2026 23:00,30/07/2026 07:50,routine,Paediatrics
LAB500539,1290,ABG,30/07/2026 10:58,30/07/2026 11:23,30/07/2026 14:38,routine,Paediatrics
LAB500540,1291,Blood Culture,30/07/2026 00:19,30/07/2026 01:46,30/07/2026 14:14,routine,Orthopaedics
LAB500541,1291,KFT,29/07/2026 20:19,29/07/2026 22:22,30/07/2026 03:50,Routine,Orthopaedics
LAB500542,1291,Serum Electrolytes,30/07/2026 02:19,30/07/2026 05:13,30/07/2026 18:10,STAT,Orthopaedics
LAB500543,1291,ABG,30/07/2026 16:19,30/07/2026 16:39,31/07/2026 04:11,Stat,Orthopaedics
LAB500544,1292,CRP,29/07/2026 13:23,29/07/2026 15:29,29/07/2026 21:50,URGENT,Emergency
LAB500545,1292,Blood Culture,31/07/2026 00:23,31/07/2026 02:13,31/07/2026 04:20,Stat,Emergency
LAB500546,1292,KFT,30/07/2026 02:23,30/07/2026 03:42,30/07/2026 16:14,URGENT,Emergency
LAB500547,1293,Blood Culture,29/07/2026 15:46,29/07/2026 18:32,30/07/2026 06:50,routine,General Medicine
LAB500548,1293,ABG,30/07/2026 10:46,30/07/2026 13:07,31/07/2026 00:19,routine,General Medicine
LAB500549,1293,Troponin I,30/07/2026 15:46,30/07/2026 18:37,31/07/2026 01:28,routine,General Medicine
LAB500550,1294,KFT,29/07/2026 02:29,29/07/2026 05:11,29/07/2026 15:51,Routine,General Medicine
LAB500551,1294,KFT,30/07/2026 11:29,30/07/2026 14:04,31/07/2026 01:53,routine,General Medicine
LAB500552,1294,CBC,29/07/2026 08:29,29/07/2026 11:23,30/07/2026 00:16,Routine,General Medicine
LAB500553,1295,Blood Culture,29/07/2026 18:38,29/07/2026 19:59,,STAT,General Medicine
LAB500554,1296,Serum Electrolytes,30/07/2026 04:57,30/07/2026 05:33,30/07/2026 10:32,Stat,Paediatrics
LAB500555,1296,ABG,30/07/2026 07:57,30/07/2026 09:54,30/07/2026 20:19,routine,Paediatrics
LAB500556,1296,Serum Electrolytes,31/07/2026 06:57,31/07/2026 07:10,,routine,Paediatrics
LAB500557,1297,Serum Electrolytes,30/07/2026 15:50,30/07/2026 16:50,30/07/2026 18:35,Routine,Pulmonology
LAB500558,1297,Troponin I,31/07/2026 02:50,31/07/2026 03:07,31/07/2026 09:23,Routine,Pulmonology
LAB500559,1297,CRP,31/07/2026 00:50,31/07/2026 01:54,31/07/2026 13:19,Stat,Pulmonology
LAB500560,1298,Serum Electrolytes,30/07/2026 22:07,31/07/2026 00:05,31/07/2026 04:01,URGENT,Emergency
LAB500561,1298,CRP,31/07/2026 13:07,31/07/2026 15:37,31/07/2026 21:30,Routine,Emergency
LAB500562,1298,CRP,31/07/2026 06:07,31/07/2026 08:27,31/07/2026 12:02,URGENT,Emergency
LAB500563,1298,LFT,01/08/2026 07:07,01/08/2026 09:23,01/08/2026 21:31,routine,Emergency
LAB500564,1299,LFT,31/07/2026 14:02,31/07/2026 15:53,01/08/2026 04:42,Stat,Cardiology
LAB500565,1300,Serum Electrolytes,31/07/2026 11:14,31/07/2026 13:27,31/07/2026 15:06,Routine,Cardiology
LAB500566,1300,CBC,31/07/2026 13:14,31/07/2026 15:04,01/08/2026 00:26,STAT,Cardiology
LAB500567,1300,ABG,30/07/2026 07:14,30/07/2026 08:06,30/07/2026 10:16,URGENT,Cardiology
LAB500568,1301,LFT,31/07/2026 10:22,31/07/2026 11:08,31/07/2026 13:50,STAT,Paediatrics
LAB500569,1301,CBC,01/08/2026 03:22,01/08/2026 05:21,01/08/2026 06:29,STAT,Paediatrics
LAB500570,1301,LFT,31/07/2026 12:22,31/07/2026 12:49,01/08/2026 01:57,Stat,Paediatrics
LAB500571,1302,KFT,31/07/2026 12:07,31/07/2026 13:55,01/08/2026 04:08,Routine,Paediatrics
LAB500572,1302,Blood Culture,31/07/2026 17:07,31/07/2026 19:48,01/08/2026 08:50,Stat,Paediatrics
LAB500573,1302,ABG,31/07/2026 22:07,01/08/2026 00:32,01/08/2026 04:40,URGENT,Paediatrics
LAB500574,7329,Serum Electrolytes,15/07/2026 12:00,15/07/2026 13:21,15/07/2026 19:30,Routine,General Medicine
LAB500575,7287,CBC,16/07/2026 20:00,16/07/2026 21:53,17/07/2026 05:00,routine,General Medicine
LAB500576,7966,KFT,24/07/2026 12:00,24/07/2026 12:27,24/07/2026 18:33,Stat,Paediatrics
LAB500577,7824,Troponin I,24/07/2026 19:00,24/07/2026 20:51,25/07/2026 04:39,URGENT,Cardiology
LAB500578,7056,Serum Electrolytes,02/07/2026 16:00,02/07/2026 16:26,02/07/2026 21:59,Stat,Cardiology
LAB500579,7442,Troponin I,22/07/2026 17:00,22/07/2026 17:37,23/07/2026 03:32,routine,General Medicine
LAB500580,7515,LFT,17/07/2026 09:00,17/07/2026 09:14,17/07/2026 15:14,Stat,Paediatrics
LAB500581,7904,Troponin I,02/07/2026 15:00,02/07/2026 15:40,02/07/2026 21:46,Routine,Emergency
LAB500582,7811,Troponin I,06/07/2026 20:00,06/07/2026 21:26,07/07/2026 00:41,routine,Paediatrics
LAB500583,7912,Blood Culture,28/07/2026 15:00,28/07/2026 16:22,28/07/2026 20:02,Routine,Orthopaedics
LAB500584,7615,Serum Electrolytes,28/07/2026 13:00,28/07/2026 14:53,28/07/2026 19:33,STAT,Cardiology
LAB500585,7614,KFT,14/07/2026 12:00,14/07/2026 13:29,14/07/2026 20:09,URGENT,Cardiology
LAB500586,7314,ABG,23/07/2026 12:00,23/07/2026 13:06,23/07/2026 20:45,Routine,General Medicine
LAB500587,7185,Troponin I,30/07/2026 15:00,30/07/2026 16:51,30/07/2026 20:26,Stat,Orthopaedics
LAB500588,7164,KFT,09/07/2026 10:00,09/07/2026 11:56,09/07/2026 15:04,Stat,General Medicine
LAB500589,7397,CBC,04/07/2026 18:00,04/07/2026 18:14,05/07/2026 00:00,URGENT,Cardiology
LAB500590,7994,LFT,23/07/2026 07:00,23/07/2026 07:32,23/07/2026 17:09,Routine,Cardiology
LAB500591,7596,Blood Culture,19/07/2026 14:00,19/07/2026 15:05,19/07/2026 17:23,Routine,Orthopaedics
LAB500592,7029,CBC,23/07/2026 06:00,23/07/2026 06:41,23/07/2026 10:46,Routine,Pulmonology
LAB500593,7201,Serum Electrolytes,05/07/2026 15:00,05/07/2026 16:56,06/07/2026 01:01,STAT,General Medicine
LAB500594,7239,Blood Culture,02/07/2026 12:00,02/07/2026 12:14,02/07/2026 22:10,URGENT,Orthopaedics
LAB500595,7171,Serum Electrolytes,25/07/2026 11:00,25/07/2026 12:48,25/07/2026 22:48,routine,Cardiology
LAB500596,7758,CBC,16/07/2026 10:00,16/07/2026 11:41,16/07/2026 18:40,Stat,Emergency
LAB500597,7703,Blood Culture,02/07/2026 16:00,02/07/2026 16:43,02/07/2026 22:05,routine,Pulmonology
LAB500598,7108,CBC,26/07/2026 17:00,26/07/2026 18:53,27/07/2026 00:37,URGENT,General Medicine
LAB500599,7412,ABG,04/07/2026 15:00,04/07/2026 16:35,05/07/2026 01:56,Routine,Emergency
LAB500600,7838,KFT,05/07/2026 15:00,05/07/2026 16:25,05/07/2026 17:52,Stat,Paediatrics
LAB500601,7676,CRP,23/07/2026 06:00,23/07/2026 07:17,23/07/2026 16:23,Stat,Paediatrics
LAB500602,7919,ABG,09/07/2026 20:00,09/07/2026 21:03,10/07/2026 06:13,STAT,Pulmonology
LAB500603,7956,Serum Electrolytes,06/07/2026 19:00,06/07/2026 19:43,07/07/2026 04:40,Routine,Orthopaedics
LAB500604,7419,Serum Electrolytes,03/07/2026 13:00,03/07/2026 14:06,03/07/2026 20:01,Routine,Cardiology
LAB500605,7788,KFT,13/07/2026 19:00,13/07/2026 20:57,14/07/2026 06:33,Routine,Emergency
LAB500606,7537,Serum Electrolytes,13/07/2026 14:00,13/07/2026 14:11,13/07/2026 18:04,URGENT,Paediatrics
LAB500607,7049,KFT,09/07/2026 13:00,09/07/2026 13:28,09/07/2026 16:08,Routine,Pulmonology
